{
  "geneformer_mean": 8.025045964677412,
  "geneformer_std": 1.060435087221501,
  "node2vec_mean": 29.306141268231745,
  "node2vec_std": 1.9193776429307972,
  "difference_pp": -21.28109530355433,
  "p_value": 5.92721773335204e-05,
  "n_diseases": 703,
  "per_seed": {
    "geneformer": [
      9.603446299130484,
      6.598019957891026,
      8.72056482358834,
      7.956917196278898,
      7.24628154649831
    ],
    "node2vec": [
      28.67756493154008,
      29.57098114868579,
      27.134194188999537,
      32.81257686877483,
      28.335389203158485
    ]
  }
}