{
  "results_by_category": {
    "neurological": {
      "standard": [
        0.0,
        0.0,
        0.0,
        0.0,
        1.0
      ],
      "weighted": [
        0.0,
        0.0,
        0.0,
        0.0,
        1.0
      ]
    },
    "respiratory": {
      "standard": [
        0.0,
        0.12903225806451613,
        0.4,
        0.0
      ],
      "weighted": [
        0.0,
        0.12903225806451613,
        0.4,
        0.0
      ]
    },
    "autoimmune": {
      "standard": [
        0.4106060606060606,
        0.47470238095238093,
        0.40443404634581104,
        0.32539682539682535,
        0.22857142857142856
      ],
      "weighted": [
        0.4106060606060606,
        0.4836309523809524,
        0.41178698752228166,
        0.34920634920634924,
        0.2357142857142857
      ]
    },
    "psychiatric": {
      "standard": [
        0.08,
        0.0,
        0.1111111111111111,
        0.0
      ],
      "weighted": [
        0.12,
        0.0,
        0.02666666666666667,
        0.0
      ]
    },
    "cancer": {
      "standard": [
        0.2192569335426478,
        0.22515096015096017,
        0.2151360544217687,
        0.30320512820512824,
        0.33923076923076917
      ],
      "weighted": [
        0.2192569335426478,
        0.268008103008103,
        0.23894557823129248,
        0.30320512820512824,
        0.34806674806674803
      ]
    }
  },
  "overall_standard": 0.21155799811301773,
  "overall_weighted": 0.21496200222674056
}