{
  "hypothesis": "h100",
  "title": "Pathway-Level Drug Matching",
  "sample_size": 13461,
  "known_count": 1095,
  "unknown_count": 12366,
  "gene_overlap": {
    "known_mean": 4.693150684931507,
    "unknown_mean": 1.990053372149442,
    "separation_ratio": 2.35830392823207
  },
  "pathway_overlap": {
    "known_mean": 51.94155251141552,
    "unknown_mean": 29.885977680737508,
    "separation_ratio": 1.7379907415541422
  },
  "verdict": "GENE_BETTER"
}