{
  "high_precision": 0.08979990239141045,
  "low_precision": 0.07664144495972663,
  "medium_precision": 0.06468147424945082,
  "difference_pp": 1.3158457431683812,
  "correlation": 0.06502922794472228,
  "success": false,
  "n_with_atc": 12292,
  "n_without_atc": 1230
}