{
  "high_precision": 0.08935962990017043,
  "low_precision": 0.07767226686145605,
  "medium_precision": 0.0635500365230095,
  "difference_pp": 1.1687363038714385,
  "correlation": 0.0648583284126608,
  "success": false,
  "n_with_atc": 12321,
  "n_without_atc": 1201
}