{
  "high_precision": 0.08591397849462365,
  "low_precision": 0.09044444444444444,
  "difference_pp": -0.4530465949820789,
  "correlation": 0.2600636975149011,
  "success": false,
  "strata_summary": {
    "high_mean_coverage": 0.7825889964898428,
    "medium_mean_coverage": 0.6803546357154846,
    "low_mean_coverage": 0.520893003543218
  }
}