{
  "high_tier_precision": 0.13423563345906367,
  "mid_tier_precision": 0.0479254493010872,
  "low_tier_precision": 0.03349600709849157,
  "top_10pct_precision": 0.21745562130177515,
  "top_20pct_precision": 0.16900887573964496,
  "tier1_only_precision": 0.2086021505376344,
  "mech_support_precision": 0.0,
  "success": false,
  "feature_coefficients": {
    "mechanism_support": 0.0,
    "train_frequency": 0.3842121258069453,
    "tier_inv": 0.24182782361245736,
    "norm_score": 0.20799057620516867,
    "inv_rank": 0.20872407033441767
  },
  "n_predictions": 13522
}