{
  "high_tier_precision": 0.13756378966052807,
  "mid_tier_precision": 0.04659418682050144,
  "low_tier_precision": 0.031721384205856254,
  "top_10pct_precision": 0.22559171597633135,
  "top_20pct_precision": 0.1823224852071006,
  "tier1_only_precision": 0.2086021505376344,
  "mech_support_precision": 0.1210448859455482,
  "success": false,
  "feature_coefficients": {
    "mechanism_support": 0.2591857100149825,
    "train_frequency": 0.37772931133762616,
    "tier_inv": 0.23194085959238897,
    "norm_score": 0.18510625321223204,
    "inv_rank": 0.21237421740560045
  },
  "n_predictions": 13522
}