{
  "high_tier_precision": 0.13645440426003994,
  "mid_tier_precision": 0.04748169514089195,
  "low_tier_precision": 0.03194321206743567,
  "top_10pct_precision": 0.22041420118343194,
  "top_20pct_precision": 0.17418639053254437,
  "tier1_only_precision": 0.2075268817204301,
  "mech_support_precision": 0.0,
  "success": false,
  "feature_coefficients": {
    "mechanism_support": 0.0,
    "train_frequency": 0.37588508205696475,
    "tier_inv": 0.24064557519034196,
    "norm_score": 0.20720673835766773,
    "inv_rank": 0.21744237613866568
  },
  "n_predictions": 13522
}