{
  "cv_stable_precision": 0.06556333545512412,
  "cv_unstable_precision": 0.06619987269255251,
  "cv_difference_pp": -0.0636537237428389,
  "mr_top_precision": 0.12412476129853596,
  "mr_low_precision": 0.02928071292170592,
  "mr_difference_pp": 9.484404837683003,
  "correlation_cv_hit": -0.007598631134466537,
  "correlation_mr_hit": -0.148410901890268,
  "success_cv": false,
  "success_mr": true,
  "n_predictions": 4713,
  "n_seeds": 10
}