{
  "high_freq_precision": 0.12866015971606035,
  "low_freq_precision": 0.03461282449522964,
  "mid_freq_precision": 0.05214111382294209,
  "difference_pp": 9.40473352208307,
  "correlation": 0.1871114082740364,
  "above_median_precision": 0.113477537437604,
  "below_median_precision": 0.038471778487752926,
  "median_frequency": 4.0,
  "success": true,
  "n_predictions": 13522
}