{
  "high_sim_precision": 0.12541507024265644,
  "mid_sim_precision": 0.06845466155810984,
  "low_sim_precision": 0.03729246487867178,
  "difference_pp": 8.812260536398467,
  "correlation": 0.14033033810228013,
  "success": true,
  "n_with_fp": 11745,
  "n_without_fp": 1777,
  "pct_with_fp": 86.85845289158408
}