{
  "coherent_precision": 0.06685528659750603,
  "incoherent_precision": 0.11238779174147218,
  "no_data_precision": 0.017587939698492462,
  "difference_pp": -4.553250514396614,
  "success": false,
  "n_coherent": 9543,
  "n_incoherent": 2785,
  "n_no_data": 1194
}