{
  "correlations": {
    "mechanism_support": {
      "mechanism_support": 1.0,
      "train_frequency": 0.0700367665181709,
      "category_tier": 0.004453551296550722,
      "knn_score": 0.11852618842771283,
      "is_hit": 0.09734682321012356
    },
    "train_frequency": {
      "mechanism_support": 0.0700367665181709,
      "train_frequency": 1.0,
      "category_tier": -0.031139711410591662,
      "knn_score": 0.403757845293217,
      "is_hit": 0.1861011979251249
    },
    "category_tier": {
      "mechanism_support": 0.004453551296550722,
      "train_frequency": -0.031139711410591662,
      "category_tier": 1.0,
      "knn_score": 0.04156202063736199,
      "is_hit": -0.08234478311615548
    },
    "knn_score": {
      "mechanism_support": 0.11852618842771283,
      "train_frequency": 0.403757845293217,
      "category_tier": 0.04156202063736199,
      "knn_score": 1.0,
      "is_hit": 0.15540338965566436
    },
    "is_hit": {
      "mechanism_support": 0.09734682321012356,
      "train_frequency": 0.1861011979251249,
      "category_tier": -0.08234478311615548,
      "knn_score": 0.15540338965566436,
      "is_hit": 1.0
    }
  },
  "independence": {
    "mechanism_tier": 1.0,
    "mechanism_frequency": 1.0,
    "tier_frequency": 1.0
  },
  "combined_analysis": {
    "tier1_precision": 0.2086021505376344,
    "mechanism_precision": 0.12222222222222222,
    "combined_precision": 0.4690721649484536,
    "expected_if_independent": 0.3053285543608124
  }
}