{
  "pearson_correlations": {
    "mechanism_support": {
      "mechanism_support": 1.0,
      "train_frequency": 0.07066988122049564,
      "tier_inv": -0.0047702462975367215,
      "norm_score": 0.11761625108054669,
      "inv_rank": 0.07190376793338059
    },
    "train_frequency": {
      "mechanism_support": 0.07066988122049564,
      "train_frequency": 1.0,
      "tier_inv": 0.03111942379473145,
      "norm_score": 0.4044283819025892,
      "inv_rank": 0.318760983560334
    },
    "tier_inv": {
      "mechanism_support": -0.0047702462975367215,
      "train_frequency": 0.03111942379473145,
      "tier_inv": 1.0,
      "norm_score": -0.041562020637362085,
      "inv_rank": -0.0001058474429810709
    },
    "norm_score": {
      "mechanism_support": 0.11761625108054669,
      "train_frequency": 0.4044283819025892,
      "tier_inv": -0.041562020637362085,
      "norm_score": 1.0,
      "inv_rank": 0.665148686545099
    },
    "inv_rank": {
      "mechanism_support": 0.07190376793338059,
      "train_frequency": 0.318760983560334,
      "tier_inv": -0.0001058474429810709,
      "norm_score": 0.665148686545099,
      "inv_rank": 1.0
    }
  },
  "spearman_correlations": {
    "mechanism_support": {
      "mechanism_support": 1.0,
      "train_frequency": 0.0609593832669758,
      "tier_inv": -0.005210585297714098,
      "norm_score": 0.12372232576634896,
      "inv_rank": 0.07114830254514998
    },
    "train_frequency": {
      "mechanism_support": 0.0609593832669758,
      "train_frequency": 1.0,
      "tier_inv": 0.01566769861823381,
      "norm_score": 0.3245624677599712,
      "inv_rank": 0.39184966019542994
    },
    "tier_inv": {
      "mechanism_support": -0.005210585297714098,
      "train_frequency": 0.01566769861823381,
      "tier_inv": 1.0,
      "norm_score": -0.04643012490948377,
      "inv_rank": -0.00026600226829185037
    },
    "norm_score": {
      "mechanism_support": 0.12372232576634896,
      "train_frequency": 0.3245624677599712,
      "tier_inv": -0.04643012490948377,
      "norm_score": 1.0,
      "inv_rank": 0.676149770003294
    },
    "inv_rank": {
      "mechanism_support": 0.07114830254514998,
      "train_frequency": 0.39184966019542994,
      "tier_inv": -0.00026600226829185037,
      "norm_score": 0.676149770003294,
      "inv_rank": 1.0
    }
  },
  "signal_precision": {
    "mechanism_support": {
      "high_precision": 12.24188790560472,
      "low_precision": 5.911193339500462,
      "difference": 6.330694566104258,
      "high_count": 2712,
      "low_count": 10810
    },
    "train_frequency": {
      "high_precision": 12.283495918773642,
      "low_precision": 3.5831151832460733,
      "difference": 8.700380735527569,
      "high_count": 5023,
      "low_count": 6112
    },
    "tier_inv": {
      "high_precision": 7.262569832402235,
      "low_precision": 6.170584498094027,
      "difference": 1.091985334308208,
      "high_count": 11277,
      "low_count": 12592
    },
    "norm_score": {
      "high_precision": 12.796952039444195,
      "low_precision": 4.011653966831018,
      "difference": 8.785298072613177,
      "high_count": 4462,
      "low_count": 4462
    },
    "inv_rank": {
      "high_precision": 13.716814159292035,
      "low_precision": 3.1905399375278893,
      "difference": 10.526274221764146,
      "high_count": 4520,
      "low_count": 4482
    }
  },
  "hit_correlations": {
    "mechanism_support": {
      "r": 0.09818841978244301,
      "p": 2.509445908250127e-30
    },
    "train_frequency": {
      "r": 0.18703278739382964,
      "p": 1.0599469524863226e-106
    },
    "tier_inv": {
      "r": 0.08232520915006061,
      "p": 8.93666873487089e-22
    },
    "norm_score": {
      "r": 0.15587918584206695,
      "p": 2.6647122869496434e-74
    },
    "inv_rank": {
      "r": 0.15966761783814004,
      "p": 6.5479284336294865e-78
    }
  },
  "independent_pairs": [
    {
      "s1": "mechanism_support",
      "s2": "train_frequency",
      "r": 0.07066988122049564
    },
    {
      "s1": "mechanism_support",
      "s2": "tier_inv",
      "r": -0.0047702462975367215
    },
    {
      "s1": "mechanism_support",
      "s2": "norm_score",
      "r": 0.11761625108054669
    },
    {
      "s1": "mechanism_support",
      "s2": "inv_rank",
      "r": 0.07190376793338059
    },
    {
      "s1": "train_frequency",
      "s2": "tier_inv",
      "r": 0.03111942379473145
    },
    {
      "s1": "tier_inv",
      "s2": "norm_score",
      "r": -0.041562020637362085
    },
    {
      "s1": "tier_inv",
      "s2": "inv_rank",
      "r": -0.0001058474429810709
    }
  ],
  "correlated_pairs": [
    {
      "s1": "train_frequency",
      "s2": "norm_score",
      "r": 0.4044283819025892
    },
    {
      "s1": "train_frequency",
      "s2": "inv_rank",
      "r": 0.318760983560334
    },
    {
      "s1": "norm_score",
      "s2": "inv_rank",
      "r": 0.665148686545099
    }
  ],
  "additive_gains": [
    {
      "pair": "mechanism_support + train_frequency",
      "correlation": 0.07066988122049564,
      "both_high_precision": 20.03948667324778,
      "both_high_count": 1013,
      "is_additive": 1.0
    },
    {
      "pair": "mechanism_support + tier_inv",
      "correlation": -0.0047702462975367215,
      "both_high_precision": 12.12661613909942,
      "both_high_count": 2243,
      "is_additive": 1.0
    },
    {
      "pair": "mechanism_support + norm_score",
      "correlation": 0.11761625108054669,
      "both_high_precision": 18.37979094076655,
      "both_high_count": 1148,
      "is_additive": 1.0
    },
    {
      "pair": "mechanism_support + inv_rank",
      "correlation": 0.07190376793338059,
      "both_high_precision": 18.990825688073397,
      "both_high_count": 1090,
      "is_additive": 1.0
    },
    {
      "pair": "train_frequency + tier_inv",
      "correlation": 0.03111942379473145,
      "both_high_precision": 12.90873596876525,
      "both_high_count": 4098,
      "is_additive": 1.0
    },
    {
      "pair": "tier_inv + norm_score",
      "correlation": -0.041562020637362085,
      "both_high_precision": 12.772837510105091,
      "both_high_count": 3711,
      "is_additive": 1.0
    },
    {
      "pair": "tier_inv + inv_rank",
      "correlation": -0.0001058474429810709,
      "both_high_precision": 13.87267904509284,
      "both_high_count": 3770,
      "is_additive": 1.0
    }
  ],
  "n_predictions": 13522
}