{
  "full_ensemble": {
    "top_10_precision": 22.041420118343193,
    "top_20_precision": 18.306213017751478,
    "top_33_precision": 13.800754382072334,
    "n_features": 5
  },
  "no_score_ensemble": {
    "top_10_precision": 21.819526627218934,
    "top_20_precision": 18.3801775147929,
    "top_33_precision": 13.667628134013757,
    "n_features": 4
  },
  "no_rank_ensemble": {
    "top_10_precision": 22.041420118343193,
    "top_20_precision": 17.973372781065088,
    "top_33_precision": 13.512314177945417,
    "n_features": 4
  },
  "best_simplified": "without inv_rank",
  "precision_loss": 0.0,
  "success": true
}