{
  "tier_correlation": 0.0822274409975336,
  "tier_p_value": 9.982391478038107e-22,
  "calibrated_correlation": 0.07158653862102099,
  "calibrated_p_value": 7.79561983411189e-17,
  "high_low_precision_diff": 0.05167156583284758,
  "success": false
}