{
  "precision_high_targets": 10.407974038015762,
  "precision_low_targets": 4.825396825396826,
  "precision_diff": 5.582577212618936,
  "correlation_with_hits": 0.03894144156496642,
  "correlation_with_frequency": 0.26910667156331514,
  "success": true,
  "high_threshold": 31.0,
  "low_threshold": 8.0,
  "n_predictions": 13522,
  "n_with_targets": 13038
}