{
  "full_4_features": {
    "top_10_precision": 21.893491124260358,
    "top_20_precision": 17.825443786982248,
    "top_33_precision": 13.467938761925893,
    "n_features": 4
  },
  "minimal_2_features": {
    "top_10_precision": 19.37869822485207,
    "top_20_precision": 16.087278106508876,
    "top_33_precision": 13.090747725759929,
    "n_features": 2
  },
  "frequency_only": {
    "top_10_precision": 18.786982248520708,
    "top_20_precision": 15.902366863905327,
    "top_33_precision": 13.02418460173064,
    "n_features": 1
  },
  "mechanism_only": {
    "top_10_precision": 10.355029585798817,
    "top_20_precision": 12.24112426035503,
    "top_33_precision": 9.540714444197915,
    "n_features": 1
  },
  "success": false,
  "synergy": 0.5917159763313613
}