{
  "3_feature_results": {
    "top_10_precision": 22.115384615384613,
    "top_20_precision": 16.678994082840237,
    "top_33_precision": 12.957621477701354,
    "n_features": 3
  },
  "comparison_to_4feature": {
    "4feature_top10": 21.89,
    "3feature_top10": 22.115384615384613,
    "difference": 0.22538461538461263
  },
  "success": true
}