{
  "feature_analysis": [
    {
      "feature": "is_low_freq",
      "n_with": 4414,
      "hit_rate_with": 0.03420933393747168,
      "hit_rate_without": 0.08959156785243742,
      "miss_rate_with": 0.9657906660625283,
      "correlation": -0.10078050945343349,
      "p_value": 7.230124256056778e-32,
      "predicts_miss_80": 