{
  "drug_hit_rate_correlation": 0.15061948061541014,
  "drug_hit_rate_p": 1.4117656897870276e-45,
  "train_freq_correlation": 0.17632649019383254,
  "independence_correlation": 0.61600829697247,
  "high_low_precision_diff": 0.11585924469549598,
  "n_predictions_with_hr": 8752,
  "success": false
}