{
  "drug_hit_rate_correlation": 0.15474417329330603,
  "drug_hit_rate_p": 9.535370008008829e-49,
  "train_freq_correlation": 0.17926317438477865,
  "independence_correlation": 0.6261196505691118,
  "high_low_precision_diff": 0.11532516899383351,
  "n_predictions_with_hr": 8886,
  "success": false
}