{
  "all_criteria_results": {
    "freq>=5_with_mech": {
      "n": 1258,
      "n_hits": 228,
      "precision": 18.124006359300477,
      "pct_of_total": 9.30335749149534
    },
    "freq>=10_with_mech": {
      "n": 653,
      "n_hits": 157,
      "precision": 24.042879019908117,
      "pct_of_total": 4.82916728294631
    },
    "freq>=15_with_mech": {
      "n": 474,
      "n_hits": 131,
      "precision": 27.637130801687764,
      "pct_of_total": 3.505398609673125
    },
    "freq>=20_with_mech": {
      "n": 434,
      "n_hits": 123,
      "precision": 28.341013824884794,
      "pct_of_total": 3.209584381008727
    },
    "freq>=25_with_mech": {
      "n": 341,
      "n_hits": 94,
      "precision": 27.56598240469208,
      "pct_of_total": 2.5218162993639996
    },
    "freq>=5_no_mech": {
      "n": 5970,
      "n_hits": 679,
      "precision": 11.373534338358459,
      "pct_of_total": 44.150273628161514
    },
    "freq>=10_no_mech": {
      "n": 2880,
      "n_hits": 454,
      "precision": 15.76388888888889,
      "pct_of_total": 21.29862446383671
    },
    "freq>=15_no_mech": {
      "n": 1904,
      "n_hits": 352,
      "precision": 18.487394957983195,
      "pct_of_total": 14.08075728442538
    },
    "freq>=20_no_mech": {
      "n": 1471,
      "n_hits": 282,
      "precision": 19.170632222977567,
      "pct_of_total": 10.878568259133264
    },
    "freq>=25_no_mech": {
      "n": 1146,
      "n_hits": 215,
      "precision": 18.760907504363004,
      "pct_of_total": 8.475077651235024
    },
    "tier1_freq>=5_mech": {
      "n": 141,
      "n_hits": 76,
      "precision": 53.90070921985816,
      "pct_of_total": 1.0427451560420056
    },
    "tier1_freq>=10_mech": {
      "n": 105,
      "n_hits": 60,
      "precision": 57.14285714285714,
      "pct_of_total": 0.7765123502440467
    },
    "tier1_freq>=15_mech": {
      "n": 95,
      "n_hits": 55,
      "precision": 57.89473684210527,
      "pct_of_total": 0.7025587930779471
    },
    "rank<=5_freq>=10_mech": {
      "n": 287,
      "n_hits": 83,
      "precision": 28.9198606271777,
      "pct_of_total": 2.1224670906670613
    },
    "rank<=5_freq>=15_mech": {
      "n": 221,
      "n_hits": 74,
      "precision": 33.4841628959276,
      "pct_of_total": 1.6343736133708031
    },
    "rank<=10_freq>=10_mech": {
      "n": 475,
      "n_hits": 142,
      "precision": 29.894736842105264,
      "pct_of_total": 3.512793965389735
    },
    "rank<=10_freq>=15_mech": {
      "n": 365,
      "n_hits": 122,
      "precision": 33.42465753424658,
      "pct_of_total": 2.6993048365626384
    }
  },
  "high_precision_criteria": [
    [
      "tier1_freq>=15_mech",
      {
        "n": 95,
        "n_hits": 55,
        "precision": 57.89473684210527,
        "pct_of_total": 0.7025587930779471
      }
    ],
    [
      "tier1_freq>=10_mech",
      {
        "n": 105,
        "n_hits": 60,
        "precision": 57.14285714285714,
        "pct_of_total": 0.7765123502440467
      }
    ],
    [
      "tier1_freq>=5_mech",
      {
        "n": 141,
        "n_hits": 76,
        "precision": 53.90070921985816,
        "pct_of_total": 1.0427451560420056
      }
    ],
    [
      "rank<=5_freq>=15_mech",
      {
        "n": 221,
        "n_hits": 74,
        "precision": 33.4841628959276,
        "pct_of_total": 1.6343736133708031
      }
    ],
    [
      "rank<=10_freq>=15_mech",
      {
        "n": 365,
        "n_hits": 122,
        "precision": 33.42465753424658,
        "pct_of_total": 2.6993048365626384
      }
    ],
    [
      "rank<=10_freq>=10_mech",
      {
        "n": 475,
        "n_hits": 142,
        "precision": 29.894736842105264,
        "pct_of_total": 3.512793965389735
      }
    ],
    [
      "rank<=5_freq>=10_mech",
      {
        "n": 287,
        "n_hits": 83,
        "precision": 28.9198606271777,
        "pct_of_total": 2.1224670906670613
      }
    ],
    [
      "freq>=20_with_mech",
      {
        "n": 434,
        "n_hits": 123,
        "precision": 28.341013824884794,
        "pct_of_total": 3.209584381008727
      }
    ],
    [
      "freq>=15_with_mech",
      {
        "n": 474,
        "n_hits": 131,
        "precision": 27.637130801687764,
        "pct_of_total": 3.505398609673125
      }
    ],
    [
      "freq>=25_with_mech",
      {
        "n": 341,
        "n_hits": 94,
        "precision": 27.56598240469208,
        "pct_of_total": 2.5218162993639996
      }
    ]
  ],
  "best_criteria": [
    "tier1_freq>=15_mech",
    {
      "n": 95,
      "n_hits": 55,
      "precision": 57.89473684210527,
      "pct_of_total": 0.7025587930779471
    }
  ],
  "success": true,
  "base_hit_rate": 7.173495045111671,
  "total_predictions": 13522
}