{
  "all_criteria_results": {
    "freq>=5_with_mech": {
      "n": 1258,
      "n_hits": 227,
      "precision": 18.044515103338632,
      "pct_of_total": 9.30335749149534
    },
    "freq>=10_with_mech": {
      "n": 655,
      "n_hits": 157,
      "precision": 23.969465648854964,
      "pct_of_total": 4.8439579943795295
    },
    "freq>=15_with_mech": {
      "n": 478,
      "n_hits": 131,
      "precision": 27.405857740585777,
      "pct_of_total": 3.534980032539565
    },
    "freq>=20_with_mech": {
      "n": 438,
      "n_hits": 123,
      "precision": 28.08219178082192,
      "pct_of_total": 3.2391658038751667
    },
    "freq>=25_with_mech": {
      "n": 345,
      "n_hits": 94,
      "precision": 27.246376811594203,
      "pct_of_total": 2.5513977222304396
    },
    "freq>=5_no_mech": {
      "n": 6008,
      "n_hits": 680,
      "precision": 11.318242343541945,
      "pct_of_total": 44.4312971453927
    },
    "freq>=10_no_mech": {
      "n": 2893,
      "n_hits": 454,
      "precision": 15.693052194953335,
      "pct_of_total": 21.39476408815264
    },
    "freq>=15_no_mech": {
      "n": 1910,
      "n_hits": 352,
      "precision": 18.429319371727747,
      "pct_of_total": 14.125129418725042
    },
    "freq>=20_no_mech": {
      "n": 1473,
      "n_hits": 282,
      "precision": 19.144602851323828,
      "pct_of_total": 10.893358970566485
    },
    "freq>=25_no_mech": {
      "n": 1149,
      "n_hits": 215,
      "precision": 18.711923411662315,
      "pct_of_total": 8.497263718384854
    },
    "tier1_freq>=5_mech": {
      "n": 140,
      "n_hits": 76,
      "precision": 54.285714285714285,
      "pct_of_total": 1.0353498003253958
    },
    "tier1_freq>=10_mech": {
      "n": 105,
      "n_hits": 60,
      "precision": 57.14285714285714,
      "pct_of_total": 0.7765123502440467
    },
    "tier1_freq>=15_mech": {
      "n": 95,
      "n_hits": 55,
      "precision": 57.89473684210527,
      "pct_of_total": 0.7025587930779471
    },
    "rank<=5_freq>=10_mech": {
      "n": 277,
      "n_hits": 83,
      "precision": 29.96389891696751,
      "pct_of_total": 2.0485135335009614
    },
    "rank<=5_freq>=15_mech": {
      "n": 213,
      "n_hits": 74,
      "precision": 34.74178403755869,
      "pct_of_total": 1.5752107676379234
    },
    "rank<=10_freq>=10_mech": {
      "n": 471,
      "n_hits": 141,
      "precision": 29.936305732484076,
      "pct_of_total": 3.483212542523295
    },
    "rank<=10_freq>=15_mech": {
      "n": 365,
      "n_hits": 123,
      "precision": 33.6986301369863,
      "pct_of_total": 2.6993048365626384
    }
  },
  "high_precision_criteria": [
    [
      "tier1_freq>=15_mech",
      {
        "n": 95,
        "n_hits": 55,
        "precision": 57.89473684210527,
        "pct_of_total": 0.7025587930779471
      }
    ],
    [
      "tier1_freq>=10_mech",
      {
        "n": 105,
        "n_hits": 60,
        "precision": 57.14285714285714,
        "pct_of_total": 0.7765123502440467
      }
    ],
    [
      "tier1_freq>=5_mech",
      {
        "n": 140,
        "n_hits": 76,
        "precision": 54.285714285714285,
        "pct_of_total": 1.0353498003253958
      }
    ],
    [
      "rank<=5_freq>=15_mech",
      {
        "n": 213,
        "n_hits": 74,
        "precision": 34.74178403755869,
        "pct_of_total": 1.5752107676379234
      }
    ],
    [
      "rank<=10_freq>=15_mech",
      {
        "n": 365,
        "n_hits": 123,
        "precision": 33.6986301369863,
        "pct_of_total": 2.6993048365626384
      }
    ],
    [
      "rank<=5_freq>=10_mech",
      {
        "n": 277,
        "n_hits": 83,
        "precision": 29.96389891696751,
        "pct_of_total": 2.0485135335009614
      }
    ],
    [
      "rank<=10_freq>=10_mech",
      {
        "n": 471,
        "n_hits": 141,
        "precision": 29.936305732484076,
        "pct_of_total": 3.483212542523295
      }
    ],
    [
      "freq>=20_with_mech",
      {
        "n": 438,
        "n_hits": 123,
        "precision": 28.08219178082192,
        "pct_of_total": 3.2391658038751667
      }
    ],
    [
      "freq>=15_with_mech",
      {
        "n": 478,
        "n_hits": 131,
        "precision": 27.405857740585777,
        "pct_of_total": 3.534980032539565
      }
    ],
    [
      "freq>=25_with_mech",
      {
        "n": 345,
        "n_hits": 94,
        "precision": 27.246376811594203,
        "pct_of_total": 2.5513977222304396
      }
    ]
  ],
  "best_criteria": [
    "tier1_freq>=15_mech",
    {
      "n": 95,
      "n_hits": 55,
      "precision": 57.89473684210527,
      "pct_of_total": 0.7025587930779471
    }
  ],
  "success": true,
  "base_hit_rate": 7.16609968939506,
  "total_predictions": 13522
}