{
  "tier_distribution": {
    "1": 37,
    "2": 355,
    "3": 80
  },
  "drugs_per_disease": {
    "tier1": 13.675675675675675,
    "tier2": 5.343661971830986,
    "tier3": 7.025
  },
  "mechanism_rate": {
    "tier1": 50.19762845849802,
    "tier23": 35.380235868239126
  },
  "high_freq_ratio": {
    "tier1": 10.638297872340425,
    "tier23": 3.313840155945419
  },
  "drug_jaccard": {
    "tier1": 0.062028678270386384,
    "tier23": 0.0047404872810584645
  },
  "key_findings": [
    "1. MECHANISM COVERAGE: Tier 1 = 50.2% vs Tier 2/3 = 35.4%",
    "2. HIGH-FREQ DRUGS: Tier 1 = 10.6% vs Tier 2/3 = 3.3%",
    "3. DRUG OVERLAP: Tier 1 Jaccard = 0.0620 vs Tier 2/3 = 0.0047"
  ],
  "success": true
}