{
  "n_diseases": 292,
  "calibration_results": {
    "Category only": {
      "mean": 0.5736301369863015,
      "std": 0.3981289805065179
    },
    "prob_h52 only": {
      "mean": 0.3172049333966554,
      "std": 0.22859483178858797
    },
    "prob_h65 only": {
      "mean": 0.43339081881269015,
      "std": 0.15882995457407018
    },
    "combined_avg only": {
      "mean": 0.3927462726288116,
      "std": 0.15028426321704177
    },
    "Hybrid 0.5/0.5 (cat+h52)": {
      "mean": 0.4397824134817985,
      "std": 0.20290711607021708
    },
    "Hybrid 0.3/0.7 (cat+h52)": {
      "mean": 0.38959590164628133,
      "std": 0.17193026427870767
    },
    "Hybrid 0.3/0.7 (cat+combined)": {
      "mean": 0.44165580099037943,
      "std": 0.1168007596119106
    },
    "Max(cat, h52)": {
      "mean": 0.31727132066574,
      "std": 0.22852310827355546
    },
    "Category + h52 deviation": {
      "mean": 0.503094358369283,
      "std": 0.374725259888801
    },
    "h52 for 'other', cat for rest": {
      "mean": 0.4465171765665349,
      "std": 0.33116205303321883
    }
  },
  "best_approach": "prob_h52 only",
  "best_error": 0.3172049333966554,
  "improvement_vs_category": 44.702184745180084,
  "improvement_vs_h52": 0.0
}