{
  "n_zero_hit": 110,
  "n_non_zero": 182,
  "zero_hit_mean_prob_h52": 0.4212950434084191,
  "non_zero_mean_prob_h52": 0.7363160730854715,
  "best_threshold": 0.4,
  "precision_at_0.4": 62.2,
  "recall_at_0.4": 51.4
}