{
  "total_metabolic_predictions": 720,
  "base_hit_rate": 6.111111111111111,
  "best_criteria": "statin + rank<=10",
  "best_precision": 63.63636363636363,
  "success": 