{
  "overall_precision": 0.0678451982799809,
  "n_predictions": 2093,
  "cancer_type_stats": {
    "brain_tumor": {
      "n": 30,
      "precision": 0.0,
      "hits": 0
    },
    "breast_cancer": {
      "n": 90,
      "precision": 0.14444444444444443,
      "hits": 13
    },
    "colorectal_cancer": {
      "n": 90,
      "precision": 0.15555555555555556,
      "hits": 14
    },
    "leukemia": {
      "n": 330,
      "precision": 0.05454545454545454,
      "hits": 18
    },
    "lymphoma": {
      "n": 270,
      "precision": 0.03333333333333333,
      "hits": 9
    },
    "melanoma": {
      "n": 60,
      "precision": 0.06666666666666667,
      "hits": 4
    },
    "myeloma": {
      "n": 30,
      "precision": 0.23333333333333334,
      "hits": 7
    },
    "other_cancer": {
      "n": 420,
      "precision": 0.06666666666666667,
      "hits": 28
    },
    "other_carcinoma": {
      "n": 353,
      "precision": 0.04815864022662889,
      "hits": 17
    },
    "other_neoplasm": {
      "n": 90,
      "precision": 0.022222222222222223,
      "hits": 2
    },
    "other_tumor": {
      "n": 30,
      "precision": 0.0,
      "hits": 0
    },
    "ovarian_cancer": {
      "n": 60,
      "precision": 0.26666666666666666,
      "hits": 16
    },
    "pancreatic_cancer": {
      "n": 90,
      "precision": 0.08888888888888889,
      "hits": 8
    },
    "prostate_cancer": {
      "n": 30,
      "precision": 0.0,
      "hits": 0
    },
    "sarcoma": {
      "n": 120,
      "precision": 0.05,
      "hits": 6
    }
  },
  "drug_class_stats": {
    "chemotherapy": {
      "n": 696,
      "precision": 0.09913793103448276,
      "hits": 69
    },
    "hormone_therapy": {
      "n": 8,
      "precision": 0.0,
      "hits": 0
    },
    "immunotherapy": {
      "n": 14,
      "precision": 0.0,
      "hits": 0
    },
    "kinase_inhibitor": {
      "n": 308,
      "precision": 0.025974025974025976,
      "hits": 8
    },
    "monoclonal_antibody": {
      "n": 275,
      "precision": 0.14909090909090908,
      "hits": 41
    },
    "targeted_other": {
      "n": 200,
      "precision": 0.055,
      "hits": 11
    },
    "unknown_class": {
      "n": 592,
      "precision": 0.02195945945945946,
      "hits": 13
    }
  },
  "top_combinations": [
    {
      "cancer_type": "colorectal_cancer",
      "drug_class": "monoclonal_antibody",
      "n": 22,
      "precision": 0.45454545454545453,
      "hits": 10
    },
    {
      "cancer_type": "ovarian_cancer",
      "drug_class": "chemotherapy",
      "n": 21,
      "precision": 0.2857142857142857,
      "hits": 6
    },
    {
      "cancer_type": "breast_cancer",
      "drug_class": "chemotherapy",
      "n": 32,
      "precision": 0.25,
      "hits": 8
    },
    {
      "cancer_type": "pancreatic_cancer",
      "drug_class": "chemotherapy",
      "n": 22,
      "precision": 0.22727272727272727,
      "hits": 5
    },
    {
      "cancer_type": "other_cancer",
      "drug_class": "monoclonal_antibody",
      "n": 70,
      "precision": 0.17142857142857143,
      "hits": 12
    },
    {
      "cancer_type": "other_carcinoma",
      "drug_class": "monoclonal_antibody",
      "n": 48,
      "precision": 0.125,
      "hits": 6
    },
    {
      "cancer_type": "colorectal_cancer",
      "drug_class": "chemotherapy",
      "n": 33,
      "precision": 0.12121212121212122,
      "hits": 4
    },
    {
      "cancer_type": "leukemia",
      "drug_class": "chemotherapy",
      "n": 90,
      "precision": 0.1111111111111111,
      "hits": 10
    },
    {
      "cancer_type": "sarcoma",
      "drug_class": "chemotherapy",
      "n": 60,
      "precision": 0.1,
      "hits": 6
    },
    {
      "cancer_type": "other_cancer",
      "drug_class": "chemotherapy",
      "n": 144,
      "precision": 0.09027777777777778,
      "hits": 13
    },
    {
      "cancer_type": "lymphoma",
      "drug_class": "targeted_other",
      "n": 29,
      "precision": 0.06896551724137931,
      "hits": 2
    },
    {
      "cancer_type": "other_carcinoma",
      "drug_class": "chemotherapy",
      "n": 148,
      "precision": 0.060810810810810814,
      "hits": 9
    },
    {
      "cancer_type": "leukemia",
      "drug_class": "kinase_inhibitor",
      "n": 85,
      "precision": 0.058823529411764705,
      "hits": 5
    },
    {
      "cancer_type": "pancreatic_cancer",
      "drug_class": "unknown_class",
      "n": 40,
      "precision": 0.05,
      "hits": 2
    },
    {
      "cancer_type": "lymphoma",
      "drug_class": "monoclonal_antibody",
      "n": 22,
      "precision": 0.045454545454545456,
      "hits": 1
    },
    {
      "cancer_type": "lymphoma",
      "drug_class": "chemotherapy",
      "n": 88,
      "precision": 0.045454545454545456,
      "hits": 4
    },
    {
      "cancer_type": "lymphoma",
      "drug_class": "kinase_inhibitor",
      "n": 53,
      "precision": 0.03773584905660377,
      "hits": 2
    },
    {
      "cancer_type": "leukemia",
      "drug_class": "monoclonal_antibody",
      "n": 32,
      "precision": 0.03125,
      "hits": 1
    },
    {
      "cancer_type": "other_carcinoma",
      "drug_class": "unknown_class",
      "n": 76,
      "precision": 0.02631578947368421,
      "hits": 2
    },
    {
      "cancer_type": "other_cancer",
      "drug_class": "unknown_class",
      "n": 119,
      "precision": 0.025210084033613446,
      "hits": 3
    }
  ],
  "high_precision_combos": [
    {
      "cancer_type": "colorectal_cancer",
      "drug_class": "monoclonal_antibody",
      "n": 22,
      "precision": 0.45454545454545453,
      "hits": 10
    }
  ]
}