{
  "overall_precision": 0.06880076445293837,
  "n_predictions": 2093,
  "cancer_type_stats": {
    "brain_tumor": {
      "n": 30,
      "precision": 0.0,
      "hits": 0
    },
    "breast_cancer": {
      "n": 90,
      "precision": 0.14444444444444443,
      "hits": 13
    },
    "colorectal_cancer": {
      "n": 90,
      "precision": 0.15555555555555556,
      "hits": 14
    },
    "leukemia": {
      "n": 330,
      "precision": 0.05454545454545454,
      "hits": 18
    },
    "lymphoma": {
      "n": 270,
      "precision": 0.03333333333333333,
      "hits": 9
    },
    "melanoma": {
      "n": 60,
      "precision": 0.06666666666666667,
      "hits": 4
    },
    "myeloma": {
      "n": 30,
      "precision": 0.26666666666666666,
      "hits": 8
    },
    "other_cancer": {
      "n": 420,
      "precision": 0.06904761904761905,
      "hits": 29
    },
    "other_carcinoma": {
      "n": 353,
      "precision": 0.04815864022662889,
      "hits": 17
    },
    "other_neoplasm": {
      "n": 90,
      "precision": 0.022222222222222223,
      "hits": 2
    },
    "other_tumor": {
      "n": 30,
      "precision": 0.0,
      "hits": 0
    },
    "ovarian_cancer": {
      "n": 60,
      "precision": 0.26666666666666666,
      "hits": 16
    },
    "pancreatic_cancer": {
      "n": 90,
      "precision": 0.08888888888888889,
      "hits": 8
    },
    "prostate_cancer": {
      "n": 30,
      "precision": 0.0,
      "hits": 0
    },
    "sarcoma": {
      "n": 120,
      "precision": 0.05,
      "hits": 6
    }
  },
  "drug_class_stats": {
    "chemotherapy": {
      "n": 685,
      "precision": 0.09927007299270073,
      "hits": 68
    },
    "hormone_therapy": {
      "n": 8,
      "precision": 0.0,
      "hits": 0
    },
    "immunotherapy": {
      "n": 12,
      "precision": 0.0,
      "hits": 0
    },
    "kinase_inhibitor": {
      "n": 307,
      "precision": 0.026058631921824105,
      "hits": 8
    },
    "monoclonal_antibody": {
      "n": 289,
      "precision": 0.1522491349480969,
      "hits": 44
    },
    "targeted_other": {
      "n": 206,
      "precision": 0.05339805825242718,
      "hits": 11
    },
    "unknown_class": {
      "n": 586,
      "precision": 0.02218430034129693,
      "hits": 13
    }
  },
  "top_combinations": [
    {
      "cancer_type": "colorectal_cancer",
      "drug_class": "monoclonal_antibody",
      "n": 20,
      "precision": 0.5,
      "hits": 10
    },
    {
      "cancer_type": "ovarian_cancer",
      "drug_class": "chemotherapy",
      "n": 20,
      "precision": 0.3,
      "hits": 6
    },
    {
      "cancer_type": "pancreatic_cancer",
      "drug_class": "chemotherapy",
      "n": 22,
      "precision": 0.22727272727272727,
      "hits": 5
    },
    {
      "cancer_type": "breast_cancer",
      "drug_class": "chemotherapy",
      "n": 29,
      "precision": 0.20689655172413793,
      "hits": 6
    },
    {
      "cancer_type": "other_cancer",
      "drug_class": "monoclonal_antibody",
      "n": 75,
      "precision": 0.17333333333333334,
      "hits": 13
    },
    {
      "cancer_type": "other_carcinoma",
      "drug_class": "monoclonal_antibody",
      "n": 49,
      "precision": 0.12244897959183673,
      "hits": 6
    },
    {
      "cancer_type": "colorectal_cancer",
      "drug_class": "chemotherapy",
      "n": 35,
      "precision": 0.11428571428571428,
      "hits": 4
    },
    {
      "cancer_type": "leukemia",
      "drug_class": "chemotherapy",
      "n": 91,
      "precision": 0.10989010989010989,
      "hits": 10
    },
    {
      "cancer_type": "sarcoma",
      "drug_class": "chemotherapy",
      "n": 58,
      "precision": 0.10344827586206896,
      "hits": 6
    },
    {
      "cancer_type": "other_cancer",
      "drug_class": "chemotherapy",
      "n": 139,
      "precision": 0.09352517985611511,
      "hits": 13
    },
    {
      "cancer_type": "lymphoma",
      "drug_class": "targeted_other",
      "n": 29,
      "precision": 0.06896551724137931,
      "hits": 2
    },
    {
      "cancer_type": "other_carcinoma",
      "drug_class": "chemotherapy",
      "n": 146,
      "precision": 0.06164383561643835,
      "hits": 9
    },
    {
      "cancer_type": "leukemia",
      "drug_class": "kinase_inhibitor",
      "n": 82,
      "precision": 0.06097560975609756,
      "hits": 5
    },
    {
      "cancer_type": "pancreatic_cancer",
      "drug_class": "unknown_class",
      "n": 41,
      "precision": 0.04878048780487805,
      "hits": 2
    },
    {
      "cancer_type": "lymphoma",
      "drug_class": "chemotherapy",
      "n": 85,
      "precision": 0.047058823529411764,
      "hits": 4
    },
    {
      "cancer_type": "lymphoma",
      "drug_class": "monoclonal_antibody",
      "n": 24,
      "precision": 0.041666666666666664,
      "hits": 1
    },
    {
      "cancer_type": "lymphoma",
      "drug_class": "kinase_inhibitor",
      "n": 54,
      "precision": 0.037037037037037035,
      "hits": 2
    },
    {
      "cancer_type": "leukemia",
      "drug_class": "monoclonal_antibody",
      "n": 35,
      "precision": 0.02857142857142857,
      "hits": 1
    },
    {
      "cancer_type": "other_carcinoma",
      "drug_class": "unknown_class",
      "n": 76,
      "precision": 0.02631578947368421,
      "hits": 2
    },
    {
      "cancer_type": "other_cancer",
      "drug_class": "unknown_class",
      "n": 118,
      "precision": 0.025423728813559324,
      "hits": 3
    }
  ],
  "high_precision_combos": [
    {
      "cancer_type": "colorectal_cancer",
      "drug_class": "monoclonal_antibody",
      "n": 20,
      "precision": 0.5,
      "hits": 10
    },
    {
      "cancer_type": "ovarian_cancer",
      "drug_class": "chemotherapy",
      "n": 20,
      "precision": 0.3,
      "hits": 6
    }
  ]
}