{
  "gt_sample_size": 474,
  "random_sample_size": 423,
  "gt_mean_dist": 1.1455696202531647,
  "random_mean_dist": 1.9101654846335698,
  "gt_dist_0_pct": 0.1940928270042194,
  "random_dist_0_pct": 0.026004728132387706,
  "p_value": 5.417608917691988e-39
}