{
  "hypothesis": "h17",
  "title": "PPI Network Distance Features",
  "results": {
    "node2vec_knn": {
      "mean": 0.3693201960375867,
      "std": 0.06022904320797518
    },
    "ppi_knn": {
      "mean": 0.16175903420512774,
      "std": 0.020006025263942247
    },
    "hybrid_alpha_0.1": {
      "mean": 0.3688072050560603,
      "std": 0.0467584334637097
    },
    "hybrid_alpha_0.2": {
      "mean": 0.3571979314294328,
      "std": 0.04547092233373891
    },
    "hybrid_alpha_0.3": {
      "mean": 0.3501768038480032,
      "std": 0.04907485792953426
    }
  },
  "status": "invalidated",
  "coverage_pct": 79.35483870967742
}