{
  "hypothesis": "h181",
  "baseline_r30_mean": 38.06448399059809,
  "baseline_r30_std": 3.206218035239302,
  "cross_category_r30_mean": 37.32060322372788,
  "cross_category_r30_std": 3.633376608979484,
  "improvement_pp": -0.7438807668702125,
  "success": false,
  "per_seed_baseline": [
    41.088180112570356,
    32.31162196679438,
    38.47241867043847,
    37.45019920318725,
    41.0
  ],
  "per_seed_cross_category": [
    41.088180112570356,
    31.673052362707537,
    39.17963224893918,
    34.462151394422314,
    40.2
  ]
}