{
  "hypothesis": "h193",
  "quadrant_analysis": {
    "coherent_not_unique": {
      "n": 2632,
      "precision": 8.966565349544073
    },
    "coherent_unique": {
      "n": 129,
      "precision": 7.751937984496124
    },
    "incoherent_not_unique": {
      "n": 1373,
      "precision": 5.025491624180627
    },
    "incoherent_unique": {
      "n": 291,
      "precision": 4.4673539518900345
    }
  },
  "key_test": {
    "hypothesis": "category-incoherent + class-unique = true repurposing",
    "n": 291,
    "precision": 4.4673539518900345
  }
}