{
  "hypothesis": "h19",
  "title": "Disease Phenotype Similarity (HPO)",
  "baseline_metric": "37.04% R@30 (kNN k=20 Node2Vec)",
  "results": {
    "node2vec_knn": {
      "mean": 0.36909064406374703,
      "std": 0.055858787458760446,
      "values": [
        0.4309090909090909,
        0.3678373382624769,
        0.3645621181262729,
        0.41244239631336405,
        0.26970227670753066
      ]
    },
    "hpo_knn_all": {
      "mean": 0.1420050387888456,
      "std": 0.05199606123495699,
      "values": [
        0.22545454545454546,
        0.1478743068391867,
        0.10590631364562118,
        0.15898617511520738,
        0.07180385288966724
      ]
    },
    "hpo_knn_subset": {
      "mean": 0.348399752651759,
      "std": 0.15993060616118995,
      "values": [
        0.5362318840579711,
        0.4266666666666667,
        0.23972602739726026,
        0.4461538461538462,
        0.09322033898305085
      ]
    },
    "hybrid_alpha_0.3": {
      "mean": 0.3702118750999663,
      "std": 0.05561201955712121,
      "values": [
        0.43272727272727274,
        0.3678373382624769,
        0.3665987780040733,
        0.41244239631336405,
        0.2714535901926445
      ]
    },
    "hybrid_alpha_0.5": {
      "mean": 0.37185100490781037,
      "std": 0.05633429061218866,
      "values": [
        0.43454545454545457,
        0.3678373382624769,
        0.37067209775967414,
        0.4147465437788018,
        0.2714535901926445
      ]
    },
    "hybrid_alpha_0.7": {
      "mean": 0.3670814893183636,
      "std": 0.05817104008218358,
      "values": [
        0.4290909090909091,
        0.36229205175600737,
        0.3625254582484725,
        0.41705069124423966,
        0.26444833625218916
      ]
    }
  },
  "hpo_coverage": {
    "diseases_with_hpo": 799,
    "diseases_with_gt_and_hpo": 119,
    "total_gt_diseases": 465,
    "coverage_pct": 25.591397849462368
  },
  "findings": [],
  "conclusion": "HPO provides marginal improvement, not exceeding noise",
  "status": "inconclusive"
}