{
  "hypothesis": "h19",
  "method": "HPO vs Node2Vec vs Combined on HPO-covered diseases",
  "diseases_evaluated": 464,
  "results": {
    "hpo_only": {
      "mean": 36.12903225806451,
      "std": 1.458565587768876,
      "per_seed": [
        36.55913978494624,
        35.483870967741936,
        34.40860215053763,
        38.70967741935484,
        35.483870967741936
      ]
    },
    "node2vec_only": {
      "mean": 67.95698924731182,
      "std": 4.632399834094196,
      "per_seed": [
        75.26881720430107,
        66.66666666666667,
        64.51612903225806,
        70.96774193548387,
        62.365591397849464
      ]
    },
    "combined": {
      "mean": 64.73118279569891,
      "std": 2.4894272909226287,
      "per_seed": [
        68.81720430107526,
        61.29032258064516,
        63.44086021505376,
        65.59139784946237,
        64.51612903225806
      ]
    }
  },
  "baseline_comparison": {
    "full_node2vec_knn": "37.04% \u00b1 5.81% (on all 465 GT diseases)"
  },
  "conclusion": "TBD"
}