{
  "psychiatric": {
    "knn_mean": 0.4944688644688645,
    "dc_mean": 0.7277362637362639,
    "hybrid_mean": 0.7277362637362639,
    "improvement_vs_knn": 0.23326739926739937,
    "n_diseases": 10
  },
  "neurological": {
    "knn_mean": 0.17944451059776137,
    "dc_mean": 0.21027989468391944,
    "hybrid_mean": 0.23720297160699638,
    "improvement_vs_knn": 0.05775846100923501,
    "n_diseases": 26
  },
  "metabolic": {
    "knn_mean": 0.32430845842610545,
    "dc_mean": 0.18298419747766154,
    "hybrid_mean": 0.4089671034605675,
    "improvement_vs_knn": 0.08465864503446208,
    "n_diseases": 45
  },
  "overall": {
    "weighted_knn": 0.29881637715315046,
    "weighted_hybrid": 0.39318715499839607,
    "improvement": 0.09437077784524561,
    "total_diseases": 81
  }
}