{
  "summary": {
    "knn_mean": 22.327676852133376,
    "knn_std": 11.72696956268605,
    "dc_mean": 44.153052911414115,
    "dc_std": 19.42067085848585,
    "difference_pp": 21.82537605928074,
    "n_evaluations": 13,
    "n_unique_diseases": 11
  },
  "by_category": {
    "myocardial_infarction": {
      "knn_recall": 10.15625,
      "dc_recall": 47.916666666666664,
      "diff_pp": 37.760416666666664,
      "n_diseases": 2
    },
    "cardiomyopathy": {
      "knn_recall": 50.0,
      "dc_recall": 50.0,
      "diff_pp": 0.0,
      "n_diseases": 2
    },
    "heart_failure": {
      "knn_recall": 12.727272727272727,
      "dc_recall": 57.692307692307686,
      "diff_pp": 44.96503496503496,
      "n_diseases": 1
    },
    "coronary_disease": {
      "knn_recall": 31.666666666666664,
      "dc_recall": 65.76086956521738,
      "diff_pp": 34.09420289855071,
      "n_diseases": 2
    },
    "thrombosis": {
      "knn_recall": 0.0,
      "dc_recall": 0.0,
      "diff_pp": 0.0,
      "n_diseases": 1
    },
    "atrial_fibrillation": {
      "knn_recall": 23.91304347826087,
      "dc_recall": 65.625,
      "diff_pp": 41.711956521739125,
      "n_diseases": 1
    },
    "arrhythmia": {
      "knn_recall": 0.0,
      "dc_recall": 0.0,
      "diff_pp": 0.0,
      "n_diseases": 1
    }
  },
  "win_loss": {
    "dc_wins_pct": 61.53846153846154,
    "knn_wins_pct": 7.6923076923076925,
    "tie_pct": 30.76923076923077
  }
}