{
  "hypothesis": "h261",
  "raw_ppi_r30_mean": 6.207020356062389,
  "raw_ppi_r30_std": 0.7923887281599561,
  "pathway_weighted_r30_mean": 6.4565828870871185,
  "pathway_weighted_r30_std": 0.8677473354508276,
  "improvement_pp": 0.24956253102472914,
  "success": false,
  "per_seed_raw": [
    4.904632152588556,
    5.792163543441227,
    6.355140186915888,
    6.896551724137931,
    7.086614173228346
  ],
  "per_seed_pathway": [
    4.904632152588556,
    6.303236797274275,
    6.5420560747663545,
    7.183908045977011,
    7.349081364829396
  ]
}