{
  "hypothesis": "h282",
  "results_by_delta": {
    "0": {
      "total": 440,
      "correct": 227,
      "precision": 51.590909090909086
    },
    "-2": {
      "total": 35,
      "correct": 2,
      "precision": 5.714285714285714
    },
    "1": {
      "total": 81,
      "correct": 13,
      "precision": 16.049382716049383
    },
    "2": {
      "total": 2,
      "correct": 0,
      "precision": 0.0
    },
    "-1": {
      "total": 44,
      "correct": 2,
      "precision": 4.545454545454546
    }
  },
  "results_by_abs_delta": {
    "0": {
      "total": 440,
      "correct": 227,
      "precision": 51.590909090909086
    },
    "2": {
      "total": 37,
      "correct": 2,
      "precision": 5.405405405405405
    },
    "1": {
      "total": 125,
      "correct": 15,
      "precision": 12.0
    }
  }
}