{
  "thresholds": {
    "LARGE": {
      "min_drugs": 50,
      "min_breadth": 5,
      "confidence": "HIGH"
    },
    "MEDIUM": {
      "min_drugs": 20,
      "min_breadth": 3,
      "confidence": "MEDIUM"
    },
    "SMALL": {
      "min_drugs": 0,
      "min_breadth": 0,
      "confidence": "LOW"
    }
  },
  "tier_counts": {
    "LARGE": 5,
    "MEDIUM": 31,
    "SMALL": 4290
  },
  "category_metrics": {
    "cardiovascular": {
      "n_diseases": 90,
      "avg_pool": 5.433333333333334,
      "avg_breadth": 9.147580598413931
    },
    "other": {
      "n_diseases": 2524,
      "avg_pool": 2.115293185419968,
      "avg_breadth": 12.619523946936091
    },
    "renal": {
      "n_diseases": 35,
      "avg_pool": 3.085714285714286,
      "avg_breadth": 10.619622758194188
    },
    "metabolic": {
      "n_diseases": 70,
      "avg_pool": 5.071428571428571,
      "avg_breadth": 10.925232887327425
    },
    "cancer": {
      "n_diseases": 653,
      "avg_pool": 1.8621745788667687,
      "avg_breadth": 12.333398769674663
    },
    "autoimmune": {
      "n_diseases": 61,
      "avg_pool": 5.934426229508197,
      "avg_breadth": 18.398286091662612
    },
    "respiratory": {
      "n_diseases": 74,
      "avg_pool": 3.5945945945945947,
      "avg_breadth": 16.12511821063999
    },
    "infectious": {
      "n_diseases": 410,
      "avg_pool": 2.0170731707317073,
      "avg_breadth": 19.303580731001823
    },
    "dermatological": {
      "n_diseases": 43,
      "avg_pool": 4.488372093023256,
      "avg_breadth": 26.47718424985867
    },
    "psychiatric": {
      "n_diseases": 52,
      "avg_pool": 3.0,
      "avg_breadth": 6.87069368440826
    },
    "gastrointestinal": {
      "n_diseases": 69,
      "avg_pool": 2.3043478260869565,
      "avg_breadth": 13.676904134512831
    },
    "ophthalmological": {
      "n_diseases": 40,
      "avg_pool": 2.75,
      "avg_breadth": 18.373294413919417
    },
    "neurological": {
      "n_diseases": 96,
      "avg_pool": 2.5,
      "avg_breadth": 7.346136173767753
    },
    "endocrine": {
      "n_diseases": 47,
      "avg_pool": 2.425531914893617,
      "avg_breadth": 16.78148506339996
    },
    "hematological": {
      "n_diseases": 62,
      "avg_pool": 2.8870967741935485,
      "avg_breadth": 17.83096715112844
    }
  }
}