{
  "hypothesis": "h311",
  "baseline_tier_precision": {
    "GOLDEN": 22.479423868312757,
    "HIGH": 12.748344370860929,
    "MEDIUM": 8.38672102504368,
    "LOW": 7.063572149344097,
    "FILTER": 3.9820359281437123
  },
  "demoted_tier_precision": {
    "GOLDEN": 30.25516403402187,
    "HIGH": 16.746698679471788,
    "MEDIUM": 8.697478991596638,
    "LOW": 7.063572149344097,
    "FILTER": 3.9820359281437123
  },
  "golden_precision_change_pp": 7.775740165709113,
  "demotions": {
    "GOLDEN_to_HIGH": 1121,
    "HIGH_to_MEDIUM": 663
  },
  "total_predictions": 13531,
  "success": true
}