{
  "hypothesis": "h312",
  "precision_by_bin": {
    "1": {
      "precision": 5.566600397614314,
      "hits": 56,
      "total": 1006
    },
    "2-4": {
      "precision": 5.735294117647059,
      "hits": 117,
      "total": 2040
    },
    "5-9": {
      "precision": 7.0184696569920835,
      "hits": 133,
      "total": 1895
    },
    "10-49": {
      "precision": 10.167154919869033,
      "hits": 590,
      "total": 5803
    },
    "50+": {
      "precision": 10.646722393312801,
      "hits": 242,
      "total": 2273
    },
    "unknown": {
      "precision": 0.9727626459143969,
      "hits": 5,
      "total": 514
    }
  },
  "single_vs_multi_diff_pp": -4.111465994924046
}