{
  "hypothesis": "h316",
  "baseline_precision": 8.402926612962826,
  "baseline_n": 13531,
  "filtered_precision": 1.2130401819560273,
  "filtered_n": 1319,
  "remaining_precision": 9.179495578119882,
  "precision_improvement_pp": 0.7765689651570558
}