{
  "hypothesis": "h374",
  "description": "MinRank ensemble vs kNN baseline",
  "overall": {
    "minrank": 0.8366533864541833,
    "knn": 0.8386454183266933,
    "diff": -0.0019920318725099584,
    "n": 502
  },
  "by_category": {
    "autoimmune": {
      "n": 41,
      "minrank": 1.0,
      "knn": 1.0,
      "diff": 0.0
    },
    "cancer": {
      "n": 100,
      "minrank": 0.89,
      "knn": 0.89,
      "diff": 0.0
    },
    "cardiovascular": {
      "n": 51,
      "minrank": 0.8431372549019608,
      "knn": 0.8431372549019608,
      "diff": 0.0
    },
    "dermatological": {
      "n": 28,
      "minrank": 0.9642857142857143,
      "knn": 0.9642857142857143,
      "diff": 0.0
    },
    "endocrine": {
      "n": 3,
      "minrank": 0.3333333333333333,
      "knn": 0.3333333333333333,
      "diff": 0.0
    },
    "gastrointestinal": {
      "n": 14,
      "minrank": 0.42857142857142855,
      "knn": 0.42857142857142855,
      "diff": 0.0
    },
    "hematological": {
      "n": 17,
      "minrank": 0.7058823529411765,
      "knn": 0.7058823529411765,
      "diff": 0.0
    },
    "immunological": {
      "n": 3,
      "minrank": 1.0,
      "knn": 1.0,
      "diff": 0.0
    },
    "infectious": {
      "n": 81,
      "minrank": 0.8765432098765432,
      "knn": 0.8765432098765432,
      "diff": 0.0
    },
    "metabolic": {
      "n": 40,
      "minrank": 0.75,
      "knn": 0.775,
      "diff": -0.025000000000000022
    },
    "musculoskeletal": {
      "n": 8,
      "minrank": 0.875,
      "knn": 0.875,
      "diff": 0.0
    },
    "neurological": {
      "n": 21,
      "minrank": 0.7142857142857143,
      "knn": 0.7142857142857143,
      "diff": 0.0
    },
    "ophthalmic": {
      "n": 18,
      "minrank": 0.8333333333333334,
      "knn": 0.8333333333333334,
      "diff": 0.0
    },
    "other": {
      "n": 44,
      "minrank": 0.7045454545454546,
      "knn": 0.7045454545454546,
      "diff": 0.0
    },
    "psychiatric": {
      "n": 8,
      "minrank": 1.0,
      "knn": 1.0,
      "diff": 0.0
    },
    "renal": {
      "n": 7,
      "minrank": 0.8571428571428571,
      "knn": 0.8571428571428571,
      "diff": 0.0
    },
    "respiratory": {
      "n": 16,
      "minrank": 0.8125,
      "knn": 0.8125,
      "diff": 0.0
    }
  }
}