{
  "uniform_k20": {
    "mean_r30": 63.2,
    "std": 3.3,
    "per_seed": [
      61.53846153846154,
      60.43956043956044,
      60.43956043956044,
      68.88888888888889,
      64.83516483516483
    ]
  },
  "category_k": {
    "mean_r30": 60.8,
    "std": 3.8,
    "per_seed": [
      61.53846153846154,
      54.94505494505495,
      59.34065934065934,
      66.66666666666666,
      61.53846153846154
    ]
  },
  "delta": {
    "mean": -2.4,
    "std": 1.9,
    "per_seed": [
      0.0,
      -5.494505494505489,
      -1.098901098901095,
      -2.2222222222222285,
      -3.296703296703292
    ]
  },
  "t_stat": -2.563,
  "p_value": 0.0624,
  "category_k_values": {
    "dermatological": 5,
    "cardiovascular": 5,
    "psychiatric": 5,
    "respiratory": 5,
    "autoimmune": 10,
    "gastrointestinal": 10,
    "infectious": 20,
    "neurological": 20,
    "cancer": 30,
    "metabolic": 30,
    "other": 30
  }
}