{
  "holdout_results": {
    "0.0": [
      13.467693761279065,
      18.34670789174442,
      14.294098319126366,
      17.203659174074772,
      12.049365795581272
    ],
    "0.3": [
      13.344019716337094,
      18.170196393763284,
      14.146987313998974,
      17.043104694848427,
      12.634318532460348
    ],
    "0.5": [
      13.373719746037125,
      17.695503441971645,
      13.644866633306865,
      16.92894486989389,
      12.369848090094747
    ],
    "0.7": [
      13.412872958850599,
      17.695503441971645,
      13.60091058935082,
      16.735021146558402,
      12.2609962938627
    ],
    "1.0": [
      13.39424751649634,
      17.32459610839668,
      13.582285146996565,
      16.54827978334645,
      12.137539503739243
    ]
  },
  "best_alpha": 0.0,
  "best_r30": 15.072304988361179,
  "current_r30": 14.802576556260854,
  "improvement": 0.26972843210032416
}