{
  "hypothesis": "h41",
  "title": "Improved Disease Similarity Measure",
  "warning": "drug_overlap and combined measures using it are TRANSDUCTIVE (use test GT drugs). Only node2vec and gene_overlap are fair inductive measures.",
  "results": {
    "node2vec": {
      "mean": 0.3676457918506021,
      "std": 0.05862152178802541,
      "recalls": [
        0.43454545454545457,
        0.36044362292051757,
        0.3727087576374745,
        0.4078341013824885,
        0.2626970227670753
      ]
    },
    "drug_overlap": {
      "mean": 0.5911403837413844,
      "std": 0.0452261418721027,
      "recalls": [
        0.5927272727272728,
        0.600739371534196,
        0.5987780040733197,
        0.652073732718894,
        0.51138353765324
      ]
    },
    "gene_overlap": {
      "mean": 0.2320424197435631,
      "std": 0.026801009788154317,
      "recalls": [
        0.26,
        0.2199630314232902,
        0.2606924643584521,
        0.2304147465437788,
        0.18914185639229422
      ]
    },
    "combined_n2v_drug": {
      "mean": 0.4742236642946505,
      "std": 0.0510932976222504,
      "recalls": [
        0.5163636363636364,
        0.4510166358595194,
        0.48268839103869654,
        0.532258064516129,
        0.38879159369527144
      ]
    },
    "combined_n2v_gene": {
      "mean": 0.3734963648602484,
      "std": 0.0576919828675145,
      "recalls": [
        0.4381818181818182,
        0.3678373382624769,
        0.3665987780040733,
        0.4216589861751152,
        0.2732049036777583
      ]
    },
    "combined_all": {
      "mean": 0.4927756639963959,
      "std": 0.05562994836419877,
      "recalls": [
        0.5454545454545454,
        0.46210720887245843,
        0.5132382892057027,
        0.543778801843318,
        0.39929947460595444
      ]
    }
  }
}