{
  "holdout_tiers": {
    "GOLDEN": [
      43.333333333333336,
      53.48837209302325,
      39.53488372093023,
      42.857142857142854,
      38.095238095238095
    ],
    "HIGH": [
      50.74626865671642,
      39.849624060150376,
      46.3768115942029,
      51.45631067961165,
      33.33333333333333
    ],
    "MEDIUM": [
      23.53823088455772,
      23.35423197492163,
      19.45525291828794,
      19.013062409288825,
      20.798898071625345
    ],
    "LOW": [
      10.526315789473683,
      11.157894736842106,
      9.780439121756487,
      15.1183970856102,
      13.761467889908257
    ],
    "FILTER": [
      6.10632183908046,
      9.992706053975201,
      5.149253731343284,
      6.700655498907501,
      6.9454817027632565
    ]
  },
  "psychiatric_medium_holdout": [
    50.0,
    55.55555555555556,
    0,
    55.55555555555556,
    43.47826086956522
  ],
  "psychiatric_medium_full": 55.33980582524271
}