{
  "hypothesis": "h42",
  "title": "kNN + XGBoost Rescue for Novel Diseases",
  "thresholds_tested": [
    0.3,
    0.4,
    0.5,
    0.6,
    0.7,
    0.8
  ],
  "best_threshold": 0.3,
  "multi_seed_recalls": {
    "0.3": [
      0.43636363636363634,
      0.3659889094269871,
      0.3727087576374745,
      0.41244239631336405,
      0.266199649737303
    ],
    "0.4": [
      0.4309090909090909,
      0.34935304990757854,
      0.3727087576374745,
      0.41013824884792627,
      0.2381786339754816
    ],
    "0.5": [
      0.3781818181818182,
      0.3512014787430684,
      0.34012219959266804,
      0.4032258064516129,
      0.23467600700525393
    ],
    "0.6": [
      0.3690909090909091,
      0.34750462107208874,
      0.32179226069246436,
      0.38940092165898615,
      0.22066549912434325
    ],
    "0.7": [
      0.3527272727272727,
      0.3345656192236599,
      0.319755600814664,
      0.35944700460829493,
      0.2136602451838879
    ],
    "0.8": [
      0.3327272727272727,
      0.3234750462107209,
      0.3014256619144603,
      0.3317972350230415,
      0.18213660245183888
    ],
    "knn_only": [
      0.43636363636363634,
      0.3659889094269871,
      0.3727087576374745,
      0.41244239631336405,
      0.266199649737303
    ],
    "xgb_only": [
      0.3090909090909091,
      0.29390018484288355,
      0.2708757637474542,
      0.2903225806451613,
      0.18563922942206654
    ]
  },
  "summary": {
    "knn_only": {
      "mean": 0.370740669895753,
      "std": 0.05831069405681142
    },
    "xgb_only": {
      "mean": 0.2699657335496949,
      "std": 0.0438858200261834
    },
    "best_hybrid": {
      "threshold": 0.3,
      "mean": 0.370740669895753,
      "std": 0.05831069405681142
    }
  }
}