{
  "holdout_tiers": {
    "GOLDEN": [
      43.333333333333336,
      56.41025641025641,
      50.0,
      40.0,
      50.0
    ],
    "HIGH": [
      57.407407407407405,
      44.565217391304344,
      45.33333333333333,
      66.12903225806451,
      41.66666666666667
    ],
    "MEDIUM": [
      23.293768545994066,
      23.652694610778443,
      19.35483870967742,
      19.119669876203577,
      20.855614973262032
    ],
    "LOW": [
      11.11111111111111,
      11.410788381742739,
      10.663983903420524,
      15.467625899280577,
      14.079422382671481
    ],
    "FILTER": [
      6.138472519628837,
      10.297316896301668,
      4.684014869888476,
      6.725146198830409,
      6.855439642324888
    ]
  },
  "holdout_diabetes": {
    "metabolic_hierarchy_diabetes_t2d_GOLDEN": [
      33.33333333333333,
      42.857142857142854,
      50.0
    ],
    "metabolic_hierarchy_diabetes_HIGH": [
      0.0,
      9.090909090909092
    ]
  }
}