{
  "hypothesis": "h442",
  "margin_distribution": {
    "min": 0.0,
    "q1": 0.0,
    "median": 0.0,
    "q3": 0.00201,
    "max": 0.226154,
    "mean": 0.006231
  },
  "correlations": {
    "margin_vs_r30": -0.04,
    "entropy_vs_r30": -0.149,
    "neighbor_sim_vs_r30": 0.08,
    "n_drugs_vs_r30": -0.37
  },
  "holdout_gaps": {
    "GOLDEN": {
      "mean": 59.02,
      "std": 15.21,
      "values": [
        33.33,
        60.61,
        57.69,
        62.5,
        80.95
      ]
    },
    "HIGH": {
      "mean": 35.27,
      "std": 11.32,
      "values": [
        13.24,
        43.88,
        36.78,
        43.24,
        39.2
      ]
    },
    "MEDIUM": {
      "mean": 15.59,
      "std": 2.5,
      "values": [
        16.55,
        15.77,
        14.01,
        19.53,
        12.09
      ]
    },
    "LOW": {
      "mean": 6.05,
      "std": 1.35,
      "values": [
        5.93,
        5.17,
        8.07,
        6.89,
        4.18
      ]
    },
    "FILTER": {
      "mean": 4.3,
      "std": 0.85,
      "values": [
        3.78,
        5.03,
        3.8,
        3.34,
        5.57
      ]
    }
  }
}