{
  "hypothesis": "h445",
  "correlations": {
    "gt_size_vs_frac_transe": -0.10588108076281035,
    "gt_size_vs_precision": 0.9230922512633245,
    "frac_transe_vs_precision": -0.08116043645828766
  }
}