{
  "hypothesis": "h45",
  "title": "Learned Disease Similarity Metric",
  "learned_recalls": [
    0.3890909090909091,
    0.3031423290203327,
    0.35234215885947046,
    0.3778801843317972,
    0.2381786339754816
  ],
  "cosine_recalls": [
    0.43454545454545457,
    0.37153419593345655,
    0.37474541751527496,
    0.41244239631336405,
    0.266199649737303
  ],
  "learned_mean": 0.33212684305559825,
  "cosine_mean": 0.37189342280897064,
  "delta": -0.03976657975337239,
  "p_value": 0.008054961308525385
}