{
  "all_medium": {
    "full_precision": 57.6,
    "holdout_mean": 49.4,
    "holdout_std": 11.9,
    "delta": -8.2,
    "mean_n": 18.8,
    "decision": "KEEP",
    "seed_values": [
      71.42857142857143,
      47.368421052631575,
      41.17647058823529,
      50.0,
      37.03703703703704
    ],
    "seed_n": [
      7,
      19,
      17,
      24,
      27
    ],
    "seed_hits": [
      5,
      9,
      7,
      12,
      10
    ]
  },
  "rank_1_5": {
    "full_precision": 58.6,
    "holdout_mean": 74.4,
    "holdout_std": 15.6,
    "delta": 15.8,
    "mean_n": 5.0,
    "decision": "PROMOTE",
    "seed_values": [
      66.66666666666666,
      66.66666666666666,
      100.0,
      83.33333333333334,
      55.55555555555556
    ],
    "seed_n": [
      3,
      3,
      4,
      6,
      9
    ],
    "seed_hits": [
      2,
      2,
      4,
      5,
      5
    ]
  },
  "rank_1_10": {
    "full_precision": 52.8,
    "holdout_mean": 54.5,
    "holdout_std": 9.2,
    "delta": 1.7,
    "mean_n": 9.0,
    "decision": "PROMOTE",
    "seed_values": [
      60.0,
      50.0,
      62.5,
      61.53846153846154,
      38.46153846153847
    ],
    "seed_n": [
      5,
      6,
      8,
      13,
      13
    ],
    "seed_hits": [
      3,
      3,
      5,
      8,
      5
    ]
  },
  "mechanism": {
    "full_precision": 57.6,
    "holdout_mean": 49.4,
    "holdout_std": 11.9,
    "delta": -8.2,
    "mean_n": 18.8,
    "decision": "KEEP",
    "seed_values": [
      71.42857142857143,
      47.368421052631575,
      41.17647058823529,
      50.0,
      37.03703703703704
    ],
    "seed_n": [
      7,
      19,
      17,
      24,
      27
    ],
    "seed_hits": [
      5,
      9,
      7,
      12,
      10
    ]
  },
  "rank_1_5_mech": {
    "full_precision": 58.6,
    "holdout_mean": 74.4,
    "holdout_std": 15.6,
    "delta": 15.8,
    "mean_n": 5.0,
    "decision": "PROMOTE",
    "seed_values": [
      66.66666666666666,
      66.66666666666666,
      100.0,
      83.33333333333334,
      55.55555555555556
    ],
    "seed_n": [
      3,
      3,
      4,
      6,
      9
    ],
    "seed_hits": [
      2,
      2,
      4,
      5,
      5
    ]
  },
  "rank_1_10_mech": {
    "full_precision": 52.8,
    "holdout_mean": 54.5,
    "holdout_std": 9.2,
    "delta": 1.7,
    "mean_n": 9.0,
    "decision": "PROMOTE",
    "seed_values": [
      60.0,
      50.0,
      62.5,
      61.53846153846154,
      38.46153846153847
    ],
    "seed_n": [
      5,
      6,
      8,
      13,
      13
    ],
    "seed_hits": [
      3,
      3,
      5,
      8,
      5
    ]
  },
  "freq_ge_10": {
    "full_precision": 0,
    "holdout_mean": 0.0,
    "holdout_std": 0.0,
    "delta": 0.0,
    "mean_n": 0.0,
    "decision": "KEEP",
    "seed_values": [
      0.0,
      0.0,
      0.0,
      0.0,
      0.0
    ],
    "seed_n": [
      0,
      0,
      0,
      0,
      0
    ],
    "seed_hits": [
      0,
      0,
      0,
      0,
      0
    ]
  },
  "rank_1_5_freq_ge_10": {
    "full_precision": 0,
    "holdout_mean": 0.0,
    "holdout_std": 0.0,
    "delta": 0.0,
    "mean_n": 0.0,
    "decision": "KEEP",
    "seed_values": [
      0.0,
      0.0,
      0.0,
      0.0,
      0.0
    ],
    "seed_n": [
      0,
      0,
      0,
      0,
      0
    ],
    "seed_hits": [
      0,
      0,
      0,
      0,
      0
    ]
  }
}