{
  "category_holdout": {
    "metabolic": {
      "mean_precision": 21.35714285714286,
      "std_precision": 7.770664061368792,
      "mean_n_per_seed": 14.8,
      "seed_precisions": [
        14.285714285714286,
        26.666666666666668,
        12.5,
        20.0,
        33.333333333333336
      ],
      "seed_ns": [
        14,
        15,
        8,
        25,
        12
      ]
    },
    "autoimmune": {
      "mean_precision": 36.424237313688366,
      "std_precision": 7.065112334167767,
      "mean_n_per_seed": 60.4,
      "seed_precisions": [
        27.272727272727273,
        35.82089552238806,
        49.09090909090909,
        34.343434343434346,
        35.59322033898305
      ],
      "seed_ns": [
        22,
        67,
        55,
        99,
        59
      ]
    },
    "hematological": {
      "mean_precision": 18.782575757575756,
      "std_precision": 16.91389967735661,
      "mean_n_per_seed": 38.6,
      "seed_precisions": [
        32.0,
        8.333333333333334,
        5.0,
        45.45454545454545,
        3.125
      ],
      "seed_ns": [
        75,
        24,
        40,
        22,
        32
      ]
    },
    "cardiovascular": {
      "mean_precision": 30.735446230373185,
      "std_precision": 10.907482218325965,
      "mean_n_per_seed": 57.0,
      "seed_precisions": [
        19.565217391304348,
        50.0,
        22.093023255813954,
        34.48275862068966,
        27.536231884057973
      ],
      "seed_ns": [
        46,
        26,
        86,
        58,
        69
      ]
    },
    "infectious": {
      "mean_precision": 27.9444497557883,
      "std_precision": 7.045979761354942,
      "mean_n_per_seed": 157.6,
      "seed_precisions": [
        32.5,
        25.925925925925927,
        20.77922077922078,
        39.24050632911393,
        21.27659574468085
      ],
      "seed_ns": [
        200,
        135,
        154,
        158,
        141
      ]
    },
    "cancer": {
      "mean_precision": 24.47981821019896,
      "std_precision": 3.677007607691108,
      "mean_n_per_seed": 161.6,
      "seed_precisions": [
        22.54901960784314,
        28.26086956521739,
        21.666666666666668,
        29.5,
        20.422535211267604
      ],
      "seed_ns": [
        102,
        184,
        180,
        200,
        142
      ]
    },
    "renal": {
      "mean_precision": 64.0079365079365,
      "std_precision": 14.819555883477825,
      "mean_n_per_seed": 5.75,
      "seed_precisions": [
        88.88888888888889,
        60.0,
        57.142857142857146,
        50.0
      ],
      "seed_ns": [
        9,
        5,
        7,
        2
      ]
    },
    "other": {
      "mean_precision": 23.16883116883117,
      "std_precision": 22.25378392478813,
      "mean_n_per_seed": 6.6,
      "seed_precisions": [
        0.0,
        0.0,
        60.0,
        28.571428571428573,
        27.272727272727273
      ],
      "seed_ns": [
        3,
        2,
        10,
        7,
        11
      ]
    },
    "endocrine": {
      "mean_precision": 35.0,
      "std_precision": 15.0,
      "mean_n_per_seed": 13.0,
      "seed_precisions": [
        50.0,
        20.0
      ],
      "seed_ns": [
        16,
        10
      ]
    },
    "dermatological": {
      "mean_precision": 48.44806392062556,
      "std_precision": 14.49306466739698,
      "mean_n_per_seed": 55.0,
      "seed_precisions": [
        47.82608695652174,
        36.8421052631579,
        62.96296296296296,
        66.0377358490566,
        28.571428571428573
      ],
      "seed_ns": [
        23,
        76,
        81,
        53,
        42
      ]
    },
    "ophthalmic": {
      "mean_precision": 35.83567774936061,
      "std_precision": 22.83186520171523,
      "mean_n_per_seed": 19.4,
      "seed_precisions": [
        0.0,
        52.5,
        47.05882352941177,
        18.75,
        60.869565217391305
      ],
      "seed_ns": [
        1,
        40,
        17,
        16,
        23
      ]
    },
    "respiratory": {
      "mean_precision": 30.49578897187351,
      "std_precision": 6.54565608609911,
      "mean_n_per_seed": 28.0,
      "seed_precisions": [
        30.0,
        40.0,
        22.857142857142858,
        35.483870967741936,
        24.137931034482758
      ],
      "seed_ns": [
        10,
        35,
        35,
        31,
        29
      ]
    },
    "psychiatric": {
      "mean_precision": 33.303742310321255,
      "std_precision": 5.208923015946132,
      "mean_n_per_seed": 22.2,
      "seed_precisions": [
        40.0,
        36.36363636363637,
        26.31578947368421,
        35.714285714285715,
        28.125
      ],
      "seed_ns": [
        10,
        22,
        19,
        28,
        32
      ]
    },
    "musculoskeletal": {
      "mean_precision": 55.60249554367201,
      "std_precision": 29.81029066523059,
      "mean_n_per_seed": 11.2,
      "seed_precisions": [
        33.333333333333336,
        9.090909090909092,
        75.0,
        90.0,
        70.58823529411765
      ],
      "seed_ns": [
        6,
        11,
        12,
        10,
        17
      ]
    }
  },
  "category_fulldata": {
    "metabolic": {
      "hits": 19,
      "total": 99,
      "precision": 19.19191919191919
    },
    "autoimmune": {
      "hits": 98,
      "total": 245,
      "precision": 40.0
    },
    "hematological": {
      "hits": 45,
      "total": 166,
      "precision": 27.10843373493976
    },
    "cardiovascular": {
      "hits": 137,
      "total": 299,
      "precision": 45.819397993311036
    },
    "infectious": {
      "hits": 279,
      "total": 789,
      "precision": 35.361216730038024
    },
    "cancer": {
      "hits": 510,
      "total": 1127,
      "precision": 45.25288376220053
    },
    "renal": {
      "hits": 24,
      "total": 54,
      "precision": 44.44444444444444
    },
    "other": {
      "hits": 26,
      "total": 57,
      "precision": 45.6140350877193
    },
    "endocrine": {
      "hits": 11,
      "total": 26,
      "precision": 42.30769230769231
    },
    "dermatological": {
      "hits": 112,
      "total": 255,
      "precision": 43.92156862745098
    },
    "ophthalmic": {
      "hits": 71,
      "total": 136,
      "precision": 52.205882352941174
    },
    "respiratory": {
      "hits": 43,
      "total": 119,
      "precision": 36.134453781512605
    },
    "psychiatric": {
      "hits": 65,
      "total": 117,
      "precision": 55.55555555555556
    },
    "musculoskeletal": {
      "hits": 28,
      "total": 54,
      "precision": 51.851851851851855
    }
  }
}