{
  "full_data_total": 1127,
  "full_data_precision": 45.075421472937,
  "holdout_subtype": {
    "solid": {
      "mean": 27.64093616303295,
      "std": 8.085004020313542,
      "avg_n": 116.4
    },
    "hematologic": {
      "mean": 17.687914920245476,
      "std": 8.021113692811788,
      "avg_n": 38.2
    },
    "cns": {
      "mean": 22.966507177033492,
      "std": 13.8755980861244,
      "avg_n": 20.5
    }
  },
  "any_promotion_candidate": true
}