{
  "medium_1hop": {
    "precision": 63.61904761904762,
    "n": 525
  },
  "medium_2hop": {
    "precision": 51.36363636363637,
    "n": 440
  },
  "medium_nohop": {
    "precision": 44.510978043912175,
    "n": 501
  },
  "low_1hop": {
    "precision": 30.555555555555557,
    "n": 648
  },
  "low_2hop": {
    "precision": 21.109316101238555,
    "n": 1857
  },
  "low_nohop": {
    "precision": 14.296463506395787,
    "n": 1329
  }
}