{
  "by_2hop_bins": {
    "0 (none)": {
      "n": 1329,
      "precision": 14.296463506395787
    },
    "1": {
      "n": 431,
      "precision": 13.921113689095128
    },
    "2-3": {
      "n": 454,
      "precision": 18.722466960352424
    },
    "4-10": {
      "n": 590,
      "precision": 22.372881355932204
    },
    "11+": {
      "n": 382,
      "precision": 30.104712041884817
    }
  },
  "would_be_medium_by_2hop": {
    "0 (none)": {
      "n": 294,
      "precision": 20.408163265306122
    },
    "1": {
      "n": 94,
      "precision": 15.957446808510639
    },
    "2-3": {
      "n": 70,
      "precision": 24.285714285714285
    },
    "4-10": {
      "n": 111,
      "precision": 29.72972972972973
    },
    "11+": {
      "n": 58,
      "precision": 34.48275862068966
    }
  }
}