{
  "default_freq10_nomech_r1_5": {
    "overall": {
      "precision_by_seed": [
        0.35185185185185186,
        0.27607361963190186,
        0.16546762589928057,
        0.34375,
        0.27722772277227725
      ],
      "n_by_seed": [
        162,
        163,
        139,
        192,
        202
      ]
    },
    "by_quartile": {
      "Q1_low": {
        "precision_by_seed": [
          0.12195121951219512,
          0.07142857142857142,
          0.08571428571428572,
          0.16666666666666666,
          0.11764705882352941
        ],
        "n_by_seed": [
          41,
          42,
          35,
          48,
          51
        ]
      },
      "Q2": {
        "precision_by_seed": [
          0.25,
          0.275,
          0.05714285714285714,
          0.20833333333333334,
          0.28
        ],
        "n_by_seed": [
          40,
          40,
          35,
          48,
          50
        ]
      },
      "Q3": {
        "precision_by_seed": [
          0.35714285714285715,
          0.25,
          0.14705882352941177,
          0.3333333333333333,
          0.18
        ],
        "n_by_seed": [
          42,
          40,
          34,
          48,
          50
        ]
      },
      "Q4_high": {
        "precision_by_seed": [
          0.6923076923076923,
          0.5121951219512195,
          0.37142857142857144,
          0.6666666666666666,
          0.5294117647058824
        ],
        "n_by_seed": [
          39,
          41,
          35,
          48,
          51
        ]
      }
    },
    "by_score_threshold": {
      "score_2.0": {
        "above_prec": [
          0.39849624060150374,
          0.33076923076923076,
          0.1891891891891892,
          0.3875,
          0.3081395348837209
        ],
        "above_n": [
          133,
          130,
          111,
          160,
          172
        ],
        "below_prec": [
          0.13793103448275862,
          0.06060606060606061,
          0.07142857142857142,
          0.125,
          0.1
        ],
        "below_n": [
          29,
          33,
          28,
          32,
          30
        ]
      },
      "score_3.0": {
        "above_prec": [
          0.4473684210526316,
          0.3684210526315789,
          0.2235294117647059,
          0.41911764705882354,
          0.3357664233576642
        ],
        "above_n": [
          114,
          95,
          85,
          136,
          137
        ],
        "below_prec": [
          0.125,
          0.14705882352941177,
          0.07407407407407407,
          0.16071428571428573,
          0.15384615384615385
        ],
        "below_n": [
          48,
          68,
          54,
          56,
          65
        ]
      },
      "score_4.0": {
        "above_prec": [
          0.5227272727272727,
          0.4025974025974026,
          0.29310344827586204,
          0.5050505050505051,
          0.33035714285714285
        ],
        "above_n": [
          88,
          77,
          58,
          99,
          112
        ],
        "below_prec": [
          0.14864864864864866,
          0.16279069767441862,
          0.07407407407407407,
          0.17204301075268819,
          0.2111111111111111
        ],
        "below_n": [
          74,
          86,
          81,
          93,
          90
        ]
      },
      "score_5.0": {
        "above_prec": [
          0.5735294117647058,
          0.4423076923076923,
          0.3611111111111111,
          0.5769230769230769,
          0.4383561643835616
        ],
        "above_n": [
          68,
          52,
          36,
          78,
          73
        ],
        "below_prec": [
          0.19148936170212766,
          0.1981981981981982,
          0.0970873786407767,
          0.18421052631578946,
          0.18604651162790697
        ],
        "below_n": [
          94,
          111,
          103,
          114,
          129
        ]
      },
      "score_6.0": {
        "above_prec": [
          0.6444444444444445,
          0.5428571428571428,
          0.48,
          0.6428571428571429,
          0.5
        ],
        "above_n": [
          45,
          35,
          25,
          56,
          54
        ],
        "below_prec": [
          0.23931623931623933,
          0.203125,
          0.09649122807017543,
          0.22058823529411764,
          0.19594594594594594
        ],
        "below_n": [
          117,
          128,
          114,
          136,
          148
        ]
      },
      "score_8.0": {
        "above_prec": [
          0.8846153846153846,
          0.7,
          0.8,
          0.7272727272727273,
          0.6521739130434783
        ],
        "above_n": [
          26,
          20,
          10,
          33,
          23
        ],
        "below_prec": [
          0.25,
          0.21678321678321677,
          0.11627906976744186,
          0.2641509433962264,
          0.22905027932960895
        ],
        "below_n": [
          136,
          143,
          129,
          159,
          179
        ]
      }
    },
    "by_freq_threshold": {
      "freq_15": {
        "above_prec": [
          0.3770491803278688,
          0.26153846153846155,
          0.18253968253968253,
          0.3390804597701149,
          0.2802547770700637
        ],
        "above_n": [
          122,
          130,
          126,
          174,
          157
        ],
        "below_prec": [
          0.275,
          0.3333333333333333,
          0.0,
          0.3888888888888889,
          0.26666666666666666
        ],
        "below_n": [
          40,
          33,
          13,
          18,
          45
        ]
      },
      "freq_20": {
        "above_prec": [
          0.3786407766990291,
          0.2719298245614035,
          0.16981132075471697,
          0.35074626865671643,
          0.2755905511811024
        ],
        "above_n": [
          103,
          114,
          106,
          134,
          127
        ],
        "below_prec": [
          0.3050847457627119,
          0.2857142857142857,
          0.15151515151515152,
          0.3275862068965517,
          0.28
        ],
        "below_n": [
          59,
          49,
          33,
          58,
          75
        ]
      },
      "freq_25": {
        "above_prec": [
          0.4533333333333333,
          0.28846153846153844,
          0.14736842105263157,
          0.3541666666666667,
          0.26804123711340205
        ],
        "above_n": [
          75,
          104,
          95,
          96,
          97
        ],
        "below_prec": [
          0.26436781609195403,
          0.2542372881355932,
          0.20454545454545456,
          0.3333333333333333,
          0.2857142857142857
        ],
        "below_n": [
          87,
          59,
          44,
          96,
          105
        ]
      },
      "freq_30": {
        "above_prec": [
          0.47619047619047616,
          0.3333333333333333,
          0.2,
          0.3617021276595745,
          0.30864197530864196
        ],
        "above_n": [
          63,
          75,
          60,
          94,
          81
        ],
        "below_prec": [
          0.2727272727272727,
          0.22727272727272727,
          0.13924050632911392,
          0.32653061224489793,
          0.256198347107438
        ],
        "below_n": [
          99,
          88,
          79,
          98,
          121
        ]
      },
      "freq_40": {
        "above_prec": [
          0.64,
          0.35,
          0.2,
          0.5,
          0.3409090909090909
        ],
        "above_n": [
          25,
          60,
          45,
          36,
          44
        ],
        "below_prec": [
          0.29927007299270075,
          0.23300970873786409,
          0.14893617021276595,
          0.3076923076923077,
          0.25949367088607594
        ],