{
  "total_freq5_mech": 204,
  "total_medium": 1131,
  "score_below": {
    "0.5": {
      "mean_precision": 33.333333333333336,
      "std_precision": 40.8248290463863,
      "mean_n": 1.5,
      "seeds": [
        100.0,
        0.0,
        0.0,
        33.333333333333336
      ]
    },
    "0.75": {
      "mean_precision": 21.98953823953824,
      "std_precision": 3.6992676047028805,
      "mean_n": 10.4,
      "seeds": [
        18.181818181818183,
        28.571428571428573,
        22.22222222222222,
        22.22222222222222,
        18.75
      ]
    },
    "1.0": {
      "mean_precision": 31.7075643654591,
      "std_precision": 6.365122064021343,
      "mean_n": 18.6,
      "seeds": [
        21.428571428571427,
        40.0,
        36.36363636363637,
        31.57894736842105,
        29.166666666666668
      ]
    },
    "1.25": {
      "mean_precision": 38.79154478060509,
      "std_precision": 6.525092865046396,
      "mean_n": 24.2,
      "seeds": [
        34.78260869565217,
        39.285714285714285,
        42.857142857142854,
        48.0,
        29.032258064516128
      ]
    },
    "1.5": {
      "mean_precision": 42.705203293438586,
      "std_precision": 7.433561936765334,
      "mean_n": 33.2,
      "seeds": [
        44.11764705882353,
        42.42424242424242,
        38.095238095238095,
        55.55555555555556,
        33.333333333333336
      ]
    },
    "2.0": {
      "mean_precision": 43.34814502929728,
      "std_precision": 6.670185624262964,
      "mean_n": 36.8,
      "seeds": [
        42.857142857142854,
        47.22222222222222,
        39.130434782608695,
        53.48837209302326,
        34.04255319148936
      ]
    }
  },
  "score_above": {
    "0.5": {
      "mean_precision": 47.018548282889654,
      "std_precision": 3.373455405093906,
      "mean_n": 45.6,
      "seeds": [
        46.34146341463415,
        50.0,
        46.42857142857143,
        50.943396226415096,
        41.37931034482759
      ]
    },
    "0.75": {
      "mean_precision": 54.17460317460318,
      "std_precision": 2.723321079526245,
      "mean_n": 36.4,
      "seeds": [
        56.666666666666664,
        54.76190476190476,
        55.0,
        55.55555555555556,
        48.888888888888886
      ]
    },
    "1.0": {
      "mean_precision": 56.081581581581574,
      "std_precision": 5.637053482765901,
      "mean_n": 28.2,
      "seeds": [
        59.25925925925926,
        62.5,
        50.0,
        60.0,
        48.648648648648646
      ]
    },
    "1.25": {
      "mean_precision": 55.90038314176245,
      "std_precision": 7.104320314156958,
      "mean_n": 22.6,
      "seeds": [
        61.111111111111114,
        66.66666666666667,
        46.666666666666664,
        51.724137931034484,
        53.333333333333336
      ]
    },
    "1.5": {
      "mean_precision": 57.03529657477026,
      "std_precision": 9.971354758686964,
      "mean_n": 13.6,
      "seeds": [
        57.142857142857146,
        68.75,
        62.5,
        38.888888888888886,
        57.89473684210526
      ]
    },
    "2.0": {
      "mean_precision": 59.104229104229105,
      "std_precision": 11.526393696164055,
      "mean_n": 10.0,
      "seeds": [
        66.66666666666667,
        61.53846153846154,
        66.66666666666667,
        36.36363636363637,
        64.28571428571429
      ]
    }
  },
  "medium_holdout": {
    "mean": 43.68379146663811,
    "std": 1.619797821477981,
    "seeds": [
      42.465753424657535,
      45.79831932773109,
      43.31550802139037,
      45.275590551181104,
      41.56378600823045
    ]
  }
}