{
  "r30_mean": 0.035742301255665535,
  "r30_std": 0.002409561381969168,
  "coverage": {
    "diseases_evaluated": 2292,
    "diseases_with_reachable_gt": 1788,
    "total_gt": 52449,
    "reachable_gt": 26910,
    "coverage": 0.5130698392724361
  },
  "n_test": 458,
  "success": false
}