{
  "aggregate": {
    "mechanism_supported": {
      "hits": 329,
      "total": 2698
    },
    "pattern_only": {
      "hits": 464,
      "total": 8116
    },
    "no_mechanism_data": {
      "hits": 175,
      "total": 2708
    }
  },
  "mechanism_precision": 12.194217939214234,
  "pattern_precision": 5.717102020699852,
  "difference_pp": 6.477115918514381,
  "success": false
}