{
  "symptom_recall": 21.341858349382292,
  "node2vec_recall": 42.436815097553804,
  "difference": -21.094956748171512,
  "n_predictions_symptom": 43,
  "n_predictions_node2vec": 43,
  "mean_max_jaccard": 0.2847328746936092,
  "success": false
}