{
  "pheno_r30": 0.2099802371541502,
  "emb_r30": 0.2771963543702674,
  "difference_pp": -6.72161172161172,
  "n_diseases_evaluated": 119,
  "n_test": 23,
  "status": "INVALIDATED"
}