{
  "train_diseases": 560,
  "test_diseases": 140,
  "train_recall30": 0.36538461538461536,
  "test_recall30": 0.2,
  "gap": 0.16538461538461535,
  "test_hits": 56,
  "test_total_pairs": 280
}