{
  "n_diseases": 17080,
  "n_drugs": 7957,
  "predictions_per_disease": 50,
  "total_predictions": 854000,
  "score_min": -0.04253831133246422,
  "score_max": 0.027079783380031586,
  "score_mean": 0.0010582911781966686,
  "score_std": 0.0026788811665028334
}