{
  "n_positive_pairs": 1359,
  "n_negative_pairs": 4077,
  "feature_dim": 517,
  "val_auroc": 0.7215550580093628,
  "val_auprc": 0.581737292376285,
  "feature_importance": {
    "concat": 0.42005559618983446,
    "product": 0.27355303504924044,
    "diff": 0.2310516820907397,
    "target": 0.07533968667018535
  }
}