{
  "AUROC": 0.7808930861364236,
  "AUPRC": 0.13221597966873175,
  "Precision@50%Recall": 0.04790051380945462
}