{
  "auroc": 0.9213268206663583,
  "auprc": 0.8547358898891909,
  "training_stats": {
    "positive_pairs": 5551,
    "negative_pairs": 16653,
    "every_cure_pairs": 5533,
    "enhanced_pairs": 18,
    "diseases": 425,
    "unique_drugs": 1318,
    "disease_mapping_coverage": 0.6478978978978979,
    "diseases_mapped": 2589,
    "diseases_total": 3996
  },
  "feature_importance": {
    "concat": 0.7032237588017795,
    "product": 0.16908590235407597,
    "difference": 0.12769033884414455
  }
}