{
  "auroc": 0.8319455277525981,
  "auprc": 0.7040459800680638,
  "training_stats": {
    "positive_pairs": 888,
    "negative_pairs": 2664,
    "every_cure_pairs": 870,
    "enhanced_pairs": 18,
    "diseases": 26,
    "unique_drugs": 513
  },
  "feature_importance": {
    "concat": 0.26898622368724356,
    "product": 0.3568841922294576,
    "difference": 0.37412958408329894
  }
}