{
  "auroc": 0.845787562012757,
  "auprc": 0.7064140661133986,
  "training_stats": {
    "positive_pairs": 2212,
    "negative_pairs": 6636,
    "every_cure_pairs": 2194,
    "enhanced_pairs": 18,
    "diseases": 367,
    "unique_drugs": 912
  },
  "feature_importance": {
    "concat": 0.5431529856236282,
    "product": 0.2511694427920689,
    "difference": 0.20567757158430294
  }
}