{
  "aggregate_recall@30": 0.17067307692307693,
  "total_found@30": 71,
  "total_known": 416,
  "by_disease": {
    "Heart failure": {
      "recall@30": 0.17777777777777778,
      "recall@50": 0.28888888888888886,
      "recall@100": 0.37777777777777777,
      "found@30": 8,
      "found@50": 13,
      "found@100": 17,
      "total_known": 45
    },
    "Hypertension": {
      "recall@30": 0.0547945205479452,
      "recall@50": 0.1095890410958904,
      "recall@100": 0.1917808219178082,
      "found@30": 4,
      "found@50": 8,
      "found@100": 14,
      "total_known": 73
    },
    "Type 2 diabetes": {
      "recall@30": 0.017857142857142856,
      "recall@50": 0.017857142857142856,
      "recall@100": 0.05357142857142857,
      "found@30": 1,
      "found@50": 1,
      "found@100": 3,
      "total_known": 56
    },
    "Multiple sclerosis": {
      "recall@30": 0.2413793103448276,
      "recall@50": 0.3103448275862069,
      "recall@100": 0.3448275862068966,
      "found@30": 7,
      "found@50": 9,
      "found@100": 10,
      "total_known": 29
    },
    "Atrial fibrillation": {
      "recall@30": 0.2222222222222222,
      "recall@50": 0.3333333333333333,
      "recall@100": 0.4444444444444444,
      "found@30": 4,
      "found@50": 6,
      "found@100": 8,
      "total_known": 18
    },
    "Rheumatoid arthritis": {
      "recall@30": 0.12727272727272726,
      "recall@50": 0.2,
      "recall@100": 0.34545454545454546,
      "found@30": 7,
      "found@50": 11,
      "found@100": 19,
      "total_known": 55
    },
    "Osteoporosis": {
      "recall@30": 0.3,
      "recall@50": 0.5,
      "recall@100": 0.7,
      "found@30": 3,
      "found@50": 5,
      "found@100": 7,
      "total_known": 10
    },
    "Asthma": {
      "recall@30": 0.25,
      "recall@50": 0.3,
      "recall@100": 0.5,
      "found@30": 5,
      "found@50": 6,
      "found@100": 10,
      "total_known": 20
    },
    "Breast cancer": {
      "recall@30": 0.0967741935483871,
      "recall@50": 0.12903225806451613,
      "recall@100": 0.25806451612903225,
      "found@30": 3,
      "found@50": 4,
      "found@100": 8,
      "total_known": 31
    },
    "Epilepsy": {
      "recall@30": 0.35294117647058826,
      "recall@50": 0.35294117647058826,
      "recall@100": 0.47058823529411764,
      "found@30": 6,
      "found@50": 6,
      "found@100": 8,
      "total_known": 17
    },
    "HIV infection": {
      "recall@30": 0.3,
      "recall@50": 0.3,
      "recall@100": 0.4,
      "found@30": 3,
      "found@50": 3,
      "found@100": 4,
      "total_known": 10
    },
    "Tuberculosis": {
      "recall@30": 0.5,
      "recall@50": 0.6,
      "recall@100": 0.6,
      "found@30": 5,
      "found@50": 6,
      "found@100": 6,
      "total_known": 10
    },
    "COPD": {
      "recall@30": 0.42857142857142855,
      "recall@50": 0.5714285714285714,
      "recall@100": 0.6428571428571429,
      "found@30": 6,
      "found@50": 8,
      "found@100": 9,
      "total_known": 14
    },
    "Psoriasis": {
      "recall@30": 0.0,
      "recall@50": 0.0,
      "recall@100": 0.3333333333333333,
      "found@30": 0,
      "found@50": 0,
      "found@100": 2,
      "total_known": 6
    },
    "Obesity": {
      "recall@30": 0.125,
      "recall@50": 0.125,
      "recall@100": 0.25,
      "found@30": 1,
      "found@50": 1,
      "found@100": 2,
      "total_known": 8
    },
    "Colorectal cancer": {
      "recall@30": 0.6363636363636364,
      "recall@50": 0.7272727272727273,
      "recall@100": 0.8181818181818182,
      "found@30": 7,
      "found@50": 8,
      "found@100": 9,
      "total_known": 11
    },
    "Lung cancer": {
      "recall@30": 0.5,
      "recall@50": 1.0,
      "recall@100": 1.0,
      "found@30": 1,
      "found@50": 2,
      "found@100": 2,
      "total_known": 2
    },
    "Hepatitis C": {
      "recall@30": 0.0,
      "recall@50": 0.0,
      "recall@100": 0.0,
      "found@30": 0,
      "found@50": 0,
      "found@100": 0,
      "total_known": 1
    }
  }
}