{
  "aggregate_recall@30": 0.13221153846153846,
  "total_found@30": 55,
  "total_known": 416,
  "by_disease": {
    "Heart failure": {
      "recall@30": 0.13333333333333333,
      "recall@50": 0.15555555555555556,
      "recall@100": 0.26666666666666666,
      "found@30": 6,
      "found@50": 7,
      "found@100": 12,
      "total_known": 45
    },
    "Hypertension": {
      "recall@30": 0.0821917808219178,
      "recall@50": 0.1232876712328767,
      "recall@100": 0.2602739726027397,
      "found@30": 6,
      "found@50": 9,
      "found@100": 19,
      "total_known": 73
    },
    "Type 2 diabetes": {
      "recall@30": 0.16071428571428573,
      "recall@50": 0.26785714285714285,
      "recall@100": 0.5357142857142857,
      "found@30": 9,
      "found@50": 15,
      "found@100": 30,
      "total_known": 56
    },
    "Multiple sclerosis": {
      "recall@30": 0.13793103448275862,
      "recall@50": 0.27586206896551724,
      "recall@100": 0.3103448275862069,
      "found@30": 4,
      "found@50": 8,
      "found@100": 9,
      "total_known": 29
    },
    "Atrial fibrillation": {
      "recall@30": 0.7222222222222222,
      "recall@50": 0.7777777777777778,
      "recall@100": 0.8888888888888888,
      "found@30": 13,
      "found@50": 14,
      "found@100": 16,
      "total_known": 18
    },
    "Rheumatoid arthritis": {
      "recall@30": 0.05454545454545454,
      "recall@50": 0.10909090909090909,
      "recall@100": 0.2727272727272727,
      "found@30": 3,
      "found@50": 6,
      "found@100": 15,
      "total_known": 55
    },
    "Osteoporosis": {
      "recall@30": 0.1,
      "recall@50": 0.2,
      "recall@100": 0.4,
      "found@30": 1,
      "found@50": 2,
      "found@100": 4,
      "total_known": 10
    },
    "Asthma": {
      "recall@30": 0.05,
      "recall@50": 0.05,
      "recall@100": 0.25,
      "found@30": 1,
      "found@50": 1,
      "found@100": 5,
      "total_known": 20
    },
    "Breast cancer": {
      "recall@30": 0.0,
      "recall@50": 0.0,
      "recall@100": 0.03225806451612903,
      "found@30": 0,
      "found@50": 0,
      "found@100": 1,
      "total_known": 31
    },
    "Epilepsy": {
      "recall@30": 0.0,
      "recall@50": 0.0,
      "recall@100": 0.0,
      "found@30": 0,
      "found@50": 0,
      "found@100": 0,
      "total_known": 17
    },
    "HIV infection": {
      "recall@30": 0.0,
      "recall@50": 0.0,
      "recall@100": 0.0,
      "found@30": 0,
      "found@50": 0,
      "found@100": 0,
      "total_known": 10
    },
    "Tuberculosis": {
      "recall@30": 0.5,
      "recall@50": 0.7,
      "recall@100": 0.9,
      "found@30": 5,
      "found@50": 7,
      "found@100": 9,
      "total_known": 10
    },
    "COPD": {
      "recall@30": 0.42857142857142855,
      "recall@50": 0.5,
      "recall@100": 0.6428571428571429,
      "found@30": 6,
      "found@50": 7,
      "found@100": 9,
      "total_known": 14
    },
    "Psoriasis": {
      "recall@30": 0.0,
      "recall@50": 0.0,
      "recall@100": 0.3333333333333333,
      "found@30": 0,
      "found@50": 0,
      "found@100": 2,
      "total_known": 6
    },
    "Obesity": {
      "recall@30": 0.0,
      "recall@50": 0.0,
      "recall@100": 0.0,
      "found@30": 0,
      "found@50": 0,
      "found@100": 0,
      "total_known": 8
    },
    "Colorectal cancer": {
      "recall@30": 0.0,
      "recall@50": 0.09090909090909091,
      "recall@100": 0.2727272727272727,
      "found@30": 0,
      "found@50": 1,
      "found@100": 3,
      "total_known": 11
    },
    "Lung cancer": {
      "recall@30": 0.0,
      "recall@50": 0.0,
      "recall@100": 0.0,
      "found@30": 0,
      "found@50": 0,
      "found@100": 0,
      "total_known": 2
    },
    "Hepatitis C": {
      "recall@30": 1.0,
      "recall@50": 1.0,
      "recall@100": 1.0,
      "found@30": 1,
      "found@50": 1,
      "found@100": 1,
      "total_known": 1
    }
  }
}