{
  "auroc": 0.8696319642907131,
  "auprc": 0.7531503115812845,
  "training_stats": {
    "positive_pairs": 3618,
    "negative_pairs": 10854,
    "every_cure_pairs": 3600,
    "enhanced_pairs": 18,
    "diseases": 442,
    "unique_drugs": 1122,
    "disease_mapping_coverage": 0.30930930930930933,
    "diseases_mapped": 1236,
    "diseases_total": 3996
  },
  "feature_importance": {
    "concat": 0.5754442386578051,
    "product": 0.22736423005848017,
    "difference": 0.1971915312837147
  }
}