{
  "validation_auroc": 0.9630230669019907,
  "validation_auprc": 0.9026682051795724,
  "test_recall_at_30": 0.0,
  "test_diseases_evaluated": 722,
  "test_total_gt_drugs": 10672,
  "test_total_hits": 0,
  "training_stats": {
    "positive_pairs": 47344,
    "negative_pairs": 142032,
    "training_diseases": 2887,
    "unique_drugs": 6703,
    "feature_dim": 516
  },
  "feature_importance": {
    "concat": 0.1437428869324738,
    "product": 0.0257868471430068,
    "difference": 0.02736827686160317,
    "similarity": 0.8031019890629162
  }
}