{
  "auroc": 0.9660642178568614,
  "auprc": 0.9095477605670902,
  "training_stats": {
    "positive_pairs": 58016,
    "negative_pairs": 174048,
    "diseases": 3609,
    "unique_drugs": 7276,
    "feature_dim": 516,
    "use_similarity_features": true
  },
  "feature_importance": {
    "concat": 0.14275383453730148,
    "product": 0.02741174710577289,
    "difference": 0.02811972842747861,
    "similarity": 0.8017146899294469
  }
}